Sentence_No	Section	Word	Gold_Tag	Predicted_Tag	Correct
1	business	The	DT	DT	Yes
1	business	session	NN	NN	Yes
1	business	was	VBD	VBD	Yes
1	business	well	RB	RB	Yes
1	business	received	VBN	VBN	Yes
1	business	by	IN	IN	Yes
1	business	participants	NNS	NNS	Yes
1	business	,	,	,	Yes
1	business	who	WP	WP	Yes
1	business	engaged	VBD	-NONE-	No
1	business	actively	RB	VBG	No
1	business	with	IN	IN	Yes
1	business	the	DT	DT	Yes
1	business	themes	NNS	NNP	No
1	business	discussed	VBN	NNP	No
1	business	.	.	.	Yes
2	business	The	DT	DT	Yes
2	business	programme	NN	NN	Yes
2	business	offered	VBD	VBD	Yes
2	business	the	DT	DT	Yes
2	business	students	NNS	NNS	Yes
2	business	an	DT	DT	Yes
2	business	opportunity	NN	NN	Yes
2	business	to	TO	TO	Yes
2	business	gain	VB	VB	Yes
2	business	practical	JJ	DT	No
2	business	guidance	NN	NN	Yes
2	business	from	IN	IN	Yes
2	business	the	DT	DT	Yes
2	business	professionals	NNS	NNS	Yes
2	business	.	.	.	Yes
3	business	The	DT	DT	Yes
3	business	campaign	NN	NN	Yes
3	business	was	VBD	VBD	Yes
3	business	supported	VBN	-NONE-	No
3	business	by	IN	IN	Yes
3	business	new	JJ	JJ	Yes
3	business	memoranda	NNS	NN	No
3	business	of	IN	IN	Yes
3	business	understanding	NN	NN	Yes
3	business	with	IN	IN	Yes
3	business	Emirates	NNP	NNP	Yes
3	business	and	CC	CC	Yes
3	business	Qatar	NNP	NNP	Yes
3	business	Airways	NNP	NNP	Yes
3	business	.	.	.	Yes
4	business	Bhattacharya	NNP	NNP	Yes
4	business	stressed	VBD	VBD	Yes
4	business	that	IN	IN	Yes
4	business	the	DT	DT	Yes
4	business	company	NN	NN	Yes
4	business	does	VBZ	VBZ	Yes
4	business	not	RB	RB	Yes
4	business	favour	VB	VB	Yes
4	business	a	DT	DT	Yes
4	business	rip-and-replace	JJ	NN	No
4	business	approach	NN	NN	Yes
4	business	.	.	.	Yes
5	business	AOD	NNP	NNP	Yes
5	business	has	VBZ	VBZ	Yes
5	business	announced	VBN	VBN	Yes
5	business	the	DT	DT	Yes
5	business	launch	NN	NN	Yes
5	business	of	IN	IN	Yes
5	business	the	DT	DT	Yes
5	business	Young	NNP	JJ	No
5	business	Creatives	NNP	NNS	No
5	business	Programme	NNP	NN	No
5	business	for	IN	IN	Yes
5	business	students	NNS	NNS	Yes
5	business	with	IN	IN	Yes
5	business	special	JJ	JJ	Yes
5	business	needs	NNS	NNS	Yes
5	business	.	.	.	Yes
6	business	What	WP	WP	Yes
6	business	sets	VBZ	-NONE-	No
6	business	the	DT	DT	Yes
6	business	programme	NN	NN	Yes
6	business	apart	RB	NN	No
6	business	is	VBZ	VBZ	Yes
6	business	its	PRP$	PRP$	Yes
6	business	refusal	NN	NN	Yes
6	business	to	TO	TO	Yes
6	business	define	VB	VB	Yes
6	business	success	NN	NN	Yes
6	business	in	IN	IN	Yes
6	business	a	DT	DT	Yes
6	business	single	JJ	JJ	Yes
6	business	way	NN	NN	Yes
6	business	.	.	.	Yes
7	business	The	DT	DT	Yes
7	business	students	NNS	NNS	Yes
7	business	will	MD	MD	Yes
7	business	have	VB	VB	Yes
7	business	opportunities	NNS	-NONE-	No
7	business	to	TO	TO	Yes
7	business	showcase	VB	VB	Yes
7	business	their	PRP$	PRP$	Yes
7	business	work	NN	NN	Yes
7	business	through	IN	IN	Yes
7	business	Young	NNP	NNP	Yes
7	business	Creatives	NNP	NNP	Yes
7	business	Exhibitions	NNP	NNP	Yes
7	business	at	IN	IN	Yes
7	business	AOD	NNP	NNP	Yes
7	business	.	.	.	Yes
8	business	Christell	NNP	NNP	Yes
8	business	has	VBZ	VBZ	Yes
8	business	continuously	RB	VBN	No
8	business	evolved	VBN	-NONE-	No
8	business	with	IN	IN	Yes
8	business	advances	NNS	NNS	Yes
8	business	in	IN	IN	Yes
8	business	science	NN	NN	Yes
8	business	,	,	,	Yes
8	business	technology	NN	NNP	No
8	business	and	CC	CC	Yes
8	business	regenerative	JJ	JJ	Yes
8	business	medicine	NN	NN	Yes
8	business	.	.	.	Yes
9	business	That	DT	DT	Yes
9	business	sense	NN	NN	Yes
9	business	of	IN	IN	Yes
9	business	familiarity	NN	NN	Yes
9	business	remains	VBZ	VBZ	Yes
9	business	at	IN	IN	Yes
9	business	the	DT	DT	Yes
9	business	heart	NN	NN	Yes
9	business	of	IN	IN	Yes
9	business	EKHO	NNP	NNP	Yes
9	business	Belihuloya	NNP	NNP	Yes
9	business	.	.	.	Yes
10	business	Secondary	JJ	DT	No
10	business	market	NN	NN	Yes
10	business	activity	NN	NN	Yes
10	business	remained	VBD	IN	No
10	business	mixed	VBN	DT	No
10	business	yesterday	NN	NN	Yes
10	business	,	,	,	Yes
10	business	with	IN	IN	Yes
10	business	both	DT	DT	Yes
10	business	buying	NN	NN	Yes
10	business	and	CC	CC	Yes
10	business	selling	NN	DT	No
10	business	interest	NN	NN	Yes
10	business	observed	VBN	NN	No
10	business	throughout	IN	IN	Yes
10	business	the	DT	DT	Yes
10	business	session	NN	NN	Yes
10	business	.	.	.	Yes
11	business	Failure	NN	-NONE-	No
11	business	to	TO	TO	Yes
11	business	comply	VB	RB	No
11	business	may	MD	MD	Yes
11	business	result	VB	VB	Yes
11	business	in	IN	IN	Yes
11	business	administrative	JJ	JJ	Yes
11	business	penalties	NNS	NNS	Yes
11	business	.	.	.	Yes
12	business	Tobacco	NN	DT	No
12	business	sector	NN	NN	Yes
12	business	was	VBD	VBD	Yes
12	business	the	DT	DT	Yes
12	business	second	JJ	JJ	Yes
12	business	highest	JJS	NN	No
12	business	contributor	NN	NN	Yes
12	business	to	IN	TO	No
12	business	the	DT	DT	Yes
12	business	market	NN	NN	Yes
12	business	turnover	NN	MD	No
12	business	whilst	IN	VB	No
12	business	the	DT	DT	Yes
12	business	sector	NN	NN	Yes
12	business	index	NN	NN	Yes
12	business	decreased	VBD	VBD	Yes
12	business	by	IN	IN	Yes
12	business	0.47	CD	CD	Yes
12	business	%	NN	NN	Yes
12	business	.	.	.	Yes
13	business	LB	NNP	NNP	Yes
13	business	Finance	NNP	NNP	Yes
13	business	had	VBD	VBD	Yes
13	business	earlier	RB	RB	Yes
13	business	said	VBD	VBD	Yes
13	business	the	DT	DT	Yes
13	business	Philippine	JJ	JJ	Yes
13	business	operation	NN	NN	Yes
13	business	would	MD	MD	Yes
13	business	engage	VB	VB	Yes
13	business	in	IN	IN	Yes
13	business	the	DT	DT	Yes
13	business	provision	NN	NN	Yes
13	business	of	IN	IN	Yes
13	business	financial	JJ	JJ	Yes
13	business	services	NNS	NNS	Yes
13	business	.	.	.	Yes
14	business	Together	RB	RB	Yes
14	business	,	,	,	Yes
14	business	the	DT	DT	Yes
14	business	two	CD	CD	Yes
14	business	projects	NNS	NNS	Yes
14	business	represent	VBP	VBP	Yes
14	business	an	DT	DT	Yes
14	business	important	JJ	JJ	Yes
14	business	step	NN	NN	Yes
14	business	towards	IN	NNS	No
14	business	a	DT	DT	Yes
14	business	more	RBR	RBR	Yes
14	business	flexible	JJ	JJ	Yes
14	business	,	,	,	Yes
14	business	resilient	JJ	NNP	No
14	business	and	CC	CC	Yes
14	business	sustainable	JJ	JJ	Yes
14	business	electricity	NN	NN	Yes
14	business	system	NN	NN	Yes
14	business	for	IN	IN	Yes
14	business	Sri	NNP	NNP	Yes
14	business	Lanka	NNP	NNP	Yes
14	business	.	.	.	Yes
15	business	Agreeing	VBG	NNS	No
15	business	on	IN	IN	Yes
15	business	the	DT	DT	Yes
15	business	content	NN	NN	Yes
15	business	in	IN	IN	Yes
15	business	principle	NN	NN	Yes
15	business	is	VBZ	VBZ	Yes
15	business	only	RB	RB	Yes
15	business	one	CD	CD	Yes
15	business	step	NN	NN	Yes
15	business	,	,	,	Yes
15	business	he	PRP	PRP	Yes
15	business	explained	VBD	VBD	Yes
15	business	,	,	,	Yes
15	business	as	IN	IN	Yes
15	business	domestic	JJ	JJ	Yes
15	business	processes	NNS	NNS	Yes
15	business	are	VBP	VBP	Yes
15	business	needed	VBN	VBN	Yes
15	business	to	TO	TO	Yes
15	business	give	VB	VB	Yes
15	business	the	DT	DT	Yes
15	business	agreement	NN	NN	Yes
15	business	legal	JJ	JJ	Yes
15	business	effect	NN	NN	Yes
15	business	.	.	.	Yes
16	business	DFCC	NNP	NNP	Yes
16	business	Bank	NNP	NNP	Yes
16	business	developed	VBD	VBD	Yes
16	business	the	DT	DT	Yes
16	business	multilingual	JJ	JJ	Yes
16	business	proposition	NN	NN	Yes
16	business	in	IN	IN	Yes
16	business	response	NN	NN	Yes
16	business	to	TO	TO	Yes
16	business	a	DT	DT	Yes
16	business	clear	JJ	JJ	Yes
16	business	customer	NN	NN	Yes
16	business	need	NN	NN	Yes
16	business	.	.	.	Yes
17	business	The	DT	DT	Yes
17	business	partnership	NN	NN	Yes
17	business	gives	VBZ	IN	No
17	business	Sejaya	NNP	NNP	Yes
17	business	's	POS	POS	Yes
17	business	clients	NNS	NNS	Yes
17	business	a	DT	DT	Yes
17	business	faster	JJR	JJ	No
17	business	way	NN	NN	Yes
17	business	to	TO	TO	Yes
17	business	repay	VB	VB	Yes
17	business	loan	NN	NN	Yes
17	business	installments	NNS	NNS	Yes
17	business	and	CC	CC	Yes
17	business	supports	VBZ	IN	No
17	business	both	DT	DT	Yes
17	business	companies	NNS	NNS	Yes
17	business	'	POS	POS	Yes
17	business	commitment	NN	NN	Yes
17	business	to	IN	TO	No
17	business	financial	JJ	JJ	Yes
17	business	inclusion	NN	NN	Yes
17	business	.	.	.	Yes
18	business	The	DT	DT	Yes
18	business	InShe	NNP	NNP	Yes
18	business	app	NN	NNP	No
18	business	can	MD	MD	Yes
18	business	be	VB	VB	Yes
18	business	downloaded	VBN	VBN	Yes
18	business	via	IN	IN	Yes
18	business	the	DT	DT	Yes
18	business	Apple	NNP	NNP	Yes
18	business	App	NNP	NNP	Yes
18	business	Store	NNP	,	No
18	business	and	CC	CC	Yes
18	business	the	DT	DT	Yes
18	business	Google	NNP	NN	No
18	business	Play	NNP	NN	No
18	business	Store	NNP	NN	No
18	business	.	.	.	Yes
19	business	The	DT	DT	Yes
19	business	2026	CD	CD	Yes
19	business	edition	NN	NN	Yes
19	business	placed	VBD	IN	No
19	business	a	DT	DT	Yes
19	business	particular	JJ	JJ	Yes
19	business	focus	NN	NN	Yes
19	business	on	IN	IN	Yes
19	business	the	DT	DT	Yes
19	business	connection	NN	NN	Yes
19	business	between	IN	IN	Yes
19	business	mental	JJ	JJ	Yes
19	business	well-being	NN	NN	Yes
19	business	and	CC	CC	Yes
19	business	physical	JJ	JJ	Yes
19	business	workplace	NN	NN	Yes
19	business	safety	NN	NN	Yes
19	business	.	.	.	Yes
20	business	This	DT	DT	Yes
20	business	initiative	NN	NN	Yes
20	business	reflects	VBZ	IN	No
20	business	the	DT	DT	Yes
20	business	company	NN	NN	Yes
20	business	's	POS	POS	Yes
20	business	broader	JJR	JJ	No
20	business	commitment	NN	NN	Yes
20	business	to	TO	TO	Yes
20	business	embedding	VBG	JJ	No
20	business	sustainability	NN	NN	Yes
20	business	considerations	NNS	NNS	Yes
20	business	into	IN	IN	Yes
20	business	the	DT	DT	Yes
20	business	way	NN	NN	Yes
20	business	it	PRP	PRP	Yes
20	business	operates	VBZ	VBZ	Yes
20	business	,	,	,	Yes
20	business	innovates	VBZ	NNP	No
20	business	and	CC	CC	Yes
20	business	communicates	VBZ	NNS	No
20	business	with	IN	IN	Yes
20	business	stakeholders	NNS	NNS	Yes
20	business	.	.	.	Yes
21	business	The	DT	DT	Yes
21	business	carbon	NN	JJ	No
21	business	neutrality	NN	NN	Yes
21	business	process	NN	NN	Yes
21	business	was	VBD	VBD	Yes
21	business	supported	VBN	-NONE-	No
21	business	by	IN	IN	Yes
21	business	Control	NNP	NN	No
21	business	Union	NNP	NN	No
21	business	Inspections	NNP	NNS	No
21	business	which	WDT	WDT	Yes
21	business	provided	VBD	-NONE-	No
21	business	technical	JJ	JJ	Yes
21	business	guidance	NN	NN	Yes
21	business	throughout	IN	IN	Yes
21	business	the	DT	DT	Yes
21	business	journey	NN	NN	Yes
21	business	.	.	.	Yes
22	business	The	DT	DT	Yes
22	business	appointment	NN	NN	Yes
22	business	was	VBD	VBD	Yes
22	business	confirmed	VBN	-NONE-	No
22	business	at	IN	IN	Yes
22	business	the	DT	DT	Yes
22	business	institute	NN	NNP	No
22	business	's	POS	POS	Yes
22	business	Annual	NNP	JJ	No
22	business	General	NNP	JJ	No
22	business	Meeting	NNP	NN	No
22	business	held	VBN	VBD	No
22	business	recently	RB	RB	Yes
22	business	.	.	.	Yes
23	business	The	DT	DT	Yes
23	business	conference	NN	NN	Yes
23	business	addressed	VBD	VBD	Yes
23	business	a	DT	DT	Yes
23	business	broad	JJ	JJ	Yes
23	business	range	NN	NN	Yes
23	business	of	IN	IN	Yes
23	business	issues	NNS	NNS	Yes
23	business	shaping	VBG	IN	No
23	business	the	DT	DT	Yes
23	business	future	NN	NN	Yes
23	business	of	IN	IN	Yes
23	business	reserve	NN	DT	No
23	business	management	NN	NN	Yes
23	business	.	.	.	Yes
24	business	The	DT	DT	Yes
24	business	Central	NNP	JJ	No
24	business	Bank	NNP	NN	No
24	business	said	VBD	VBD	Yes
24	business	the	DT	DT	Yes
24	business	moderation	NN	NN	Yes
24	business	in	IN	IN	Yes
24	business	production	NN	NN	Yes
24	business	was	VBD	VBD	Yes
24	business	driven	VBN	VBN	Yes
24	business	by	IN	IN	Yes
24	business	the	DT	DT	Yes
24	business	textiles	NNS	NNS	Yes
24	business	and	CC	CC	Yes
24	business	wearing	VBG	VBG	Yes
24	business	apparel	NN	DT	No
24	business	sector	NN	NN	Yes
24	business	.	.	.	Yes
25	business	The	DT	DT	Yes
25	business	Central	NNP	JJ	No
25	business	Bank	NNP	NN	No
25	business	cautioned	VBD	NN	No
25	business	that	IN	IN	Yes
25	business	broader	JJR	DT	No
25	business	global	JJ	JJ	Yes
25	business	economic	JJ	JJ	Yes
25	business	uncertainties	NNS	NNS	Yes
25	business	remained	VBD	VBD	Yes
25	business	a	DT	DT	Yes
25	business	downside	NN	JJ	No
25	business	risk	NN	NN	Yes
25	business	to	IN	TO	No
25	business	the	DT	DT	Yes
25	business	services	NNS	JJ	No
25	business	sector	NN	NN	Yes
25	business	outlook	NN	NN	Yes
25	business	.	.	.	Yes
26	business	He	PRP	PRP	Yes
26	business	called	VBD	VBD	Yes
26	business	for	IN	IN	Yes
26	business	strong	JJ	JJ	Yes
26	business	governance	NN	NN	Yes
26	business	and	CC	CC	Yes
26	business	a	DT	DT	Yes
26	business	culture	NN	NN	Yes
26	business	of	IN	IN	Yes
26	business	doing	VBG	VBG	Yes
26	business	the	DT	DT	Yes
26	business	right	JJ	NN	No
26	business	thing	NN	NN	Yes
26	business	across	IN	IN	Yes
26	business	corporate	JJ	NNP	No
26	business	Sri	NNP	NNP	Yes
26	business	Lanka	NNP	NNP	Yes
26	business	.	.	.	Yes
27	business	Those	DT	NNP	No
27	business	,	,	,	Yes
27	business	he	PRP	PRP	Yes
27	business	noted	VBD	VBD	Yes
27	business	,	,	,	Yes
27	business	remain	VBP	DT	No
27	business	matters	NNS	NN	No
27	business	of	IN	IN	Yes
27	business	human	JJ	JJ	Yes
27	business	judgment	NN	NN	Yes
27	business	.	.	.	Yes
28	business	Emirates	NNP	NNP	Yes
28	business	and	CC	CC	Yes
28	business	the	DT	DT	Yes
28	business	Sri	NNP	NNP	Yes
28	business	Lanka	NNP	NNP	Yes
28	business	Tourism	NNP	NNP	Yes
28	business	Promotion	NNP	NN	No
28	business	Bureau	NNP	NNS	No
28	business	have	VBP	VBP	Yes
28	business	renewed	VBN	VBN	Yes
28	business	their	PRP$	PRP$	Yes
28	business	partnership	NN	NN	Yes
28	business	to	TO	TO	Yes
28	business	amplify	VB	VB	Yes
28	business	efforts	NNS	DT	No
28	business	aimed	VBN	NN	No
28	business	at	IN	IN	Yes
28	business	benefiting	VBG	VBG	Yes
28	business	the	DT	DT	Yes
28	business	country	NN	NN	Yes
28	business	's	POS	POS	Yes
28	business	tourism	NN	JJ	No
28	business	industry	NN	NN	Yes
28	business	.	.	.	Yes
29	business	It	PRP	PRP	Yes
29	business	is	VBZ	VBZ	Yes
29	business	seeking	VBG	VBG	Yes
29	business	incentives	NNS	NNS	Yes
29	business	not	RB	RB	Yes
29	business	only	RB	RB	Yes
29	business	to	TO	TO	Yes
29	business	attract	VB	VB	Yes
29	business	fresh	JJ	DT	No
29	business	foreign	JJ	JJ	Yes
29	business	direct	JJ	JJ	Yes
29	business	investment	NN	NN	Yes
29	business	into	IN	IN	Yes
29	business	apparel	NN	DT	No
29	business	manufacturing	NN	NN	Yes
29	business	.	.	.	Yes
30	business	The	DT	DT	Yes
30	business	basis	NN	NN	Yes
30	business	of	IN	IN	Yes
30	business	allotment	NN	NN	Yes
30	business	will	MD	MD	Yes
30	business	be	VB	VB	Yes
30	business	announced	VBN	-NONE-	No
30	business	to	IN	TO	No
30	business	the	DT	DT	Yes
30	business	Colombo	NNP	NNP	Yes
30	business	Stock	NNP	NNP	Yes
30	business	Exchange	NNP	NNP	Yes
30	business	as	IN	IN	Yes
30	business	per	IN	DT	No
30	business	regulatory	JJ	JJ	Yes
30	business	requirements	NNS	NNS	Yes
30	business	in	IN	IN	Yes
30	business	due	JJ	JJ	Yes
30	business	course	NN	NN	Yes
30	business	.	.	.	Yes
31	business	Crossing	VBG	IN	No
31	business	the	DT	DT	Yes
31	business	50	CD	CD	Yes
31	business	percent	NN	CD	No
31	business	threshold	NN	NN	Yes
31	business	is	VBZ	VBZ	Yes
31	business	a	DT	DT	Yes
31	business	key	JJ	JJ	Yes
31	business	condition	NN	NN	Yes
31	business	of	IN	IN	Yes
31	business	the	DT	DT	Yes
31	business	offer	NN	NN	Yes
31	business	,	,	,	Yes
31	business	which	WDT	WDT	Yes
31	business	was	VBD	VBD	Yes
31	business	initially	RB	RB	Yes
31	business	voluntary	JJ	,	No
31	business	and	CC	CC	Yes
31	business	subsequently	RB	RB	Yes
31	business	converted	VBN	VBN	Yes
31	business	into	IN	IN	Yes
31	business	a	DT	DT	Yes
31	business	mandatory	JJ	NN	No
31	business	offer	NN	NN	Yes
31	business	.	.	.	Yes
32	business	Foreign	JJ	JJ	Yes
32	business	participation	NN	NN	Yes
32	business	in	IN	IN	Yes
32	business	the	DT	DT	Yes
32	business	market	NN	NN	Yes
32	business	activity	NN	NN	Yes
32	business	remained	VBD	VBD	Yes
32	business	at	IN	IN	Yes
32	business	subdued	JJ	JJ	Yes
32	business	levels	NNS	NNS	Yes
32	business	with	IN	IN	Yes
32	business	foreigners	NNS	DT	No
32	business	closing	VBG	NN	No
32	business	as	IN	IN	Yes
32	business	net	JJ	JJ	Yes
32	business	sellers	NNS	NNS	Yes
32	business	.	.	.	Yes
33	business	The	DT	DT	Yes
33	business	Institute	NNP	NN	No
33	business	stresses	VBZ	IN	No
33	business	the	DT	DT	Yes
33	business	importance	NN	NN	Yes
33	business	of	IN	IN	Yes
33	business	evidence-based	JJ	JJ	Yes
33	business	policymaking	NN	NN	Yes
33	business	.	.	.	Yes
34	business	The	DT	DT	Yes
34	business	Institute	NNP	NN	No
34	business	notes	VBZ	NNS	No
34	business	that	IN	IN	Yes
34	business	this	DT	DT	Yes
34	business	imbalance	NN	NN	Yes
34	business	places	VBZ	IN	No
34	business	a	DT	DT	Yes
34	business	disproportionate	JJ	JJ	Yes
34	business	burden	NN	NN	Yes
34	business	on	IN	IN	Yes
34	business	consumers	NNS	NNS	Yes
34	business	and	CC	CC	Yes
34	business	can	MD	MD	Yes
34	business	contribute	VB	VB	Yes
34	business	to	IN	TO	No
34	business	informal	JJ	JJ	Yes
34	business	economic	JJ	JJ	Yes
34	business	activity	NN	NN	Yes
34	business	.	.	.	Yes
35	business	The	DT	DT	Yes
35	business	proposals	NNS	NNS	Yes
35	business	also	RB	RB	Yes
35	business	identify	VBP	VB	No
35	business	the	DT	DT	Yes
35	business	need	NN	NN	Yes
35	business	to	TO	TO	Yes
35	business	address	VB	VB	Yes
35	business	unregulated	JJ	VBN	No
35	business	economic	JJ	JJ	Yes
35	business	activity	NN	NN	Yes
35	business	in	IN	IN	Yes
35	business	specific	JJ	JJ	Yes
35	business	sectors	NNS	NNS	Yes
35	business	.	.	.	Yes
36	business	A	DT	DT	Yes
36	business	further	JJ	JJ	Yes
36	business	holdover	NN	NN	Yes
36	business	provision	NN	NN	Yes
36	business	is	VBZ	VBZ	Yes
36	business	proposed	VBN	VBN	Yes
36	business	to	TO	TO	Yes
36	business	suspend	VB	VB	Yes
36	business	tax	NN	NN	Yes
36	business	collection	NN	NN	Yes
36	business	during	IN	IN	Yes
36	business	the	DT	DT	Yes
36	business	appeal	NN	NN	Yes
36	business	process	NN	NN	Yes
36	business	in	IN	IN	Yes
36	business	qualifying	VBG	JJ	No
36	business	cases	NNS	NNS	Yes
36	business	.	.	.	Yes
37	business	The	DT	DT	Yes
37	business	projected	VBN	JJ	No
37	business	output	NN	NN	Yes
37	business	implies	VBZ	IN	No
37	business	an	DT	DT	Yes
37	business	average	JJ	JJ	Yes
37	business	capacity	NN	NN	Yes
37	business	factor	NN	NN	Yes
37	business	of	IN	IN	Yes
37	business	about	IN	IN	Yes
37	business	20	CD	CD	Yes
37	business	percent	NN	NN	Yes
37	business	.	.	.	Yes
38	business	The	DT	DT	Yes
38	business	Colombo	NNP	NNP	Yes
38	business	Stock	NNP	NNP	Yes
38	business	Exchange	NNP	NNP	Yes
38	business	(	(	NNP	No
38	business	CSE	NNP	NNP	Yes
38	business	)	)	NNP	No
38	business	has	VBZ	VBZ	Yes
38	business	received	VBN	VBN	Yes
38	business	the	DT	DT	Yes
38	business	Great	NNP	JJ	No
38	business	Place	NNP	NN	No
38	business	to	TO	TO	Yes
38	business	Work	NNP	VB	No
38	business	certification	NN	NN	Yes
38	business	.	.	.	Yes
39	business	An	DT	DT	Yes
39	business	improved	JJ	JJ	Yes
39	business	demand	NN	NN	Yes
39	business	was	VBD	VBD	Yes
39	business	seen	VBN	VBN	Yes
39	business	for	IN	IN	Yes
39	business	the	DT	DT	Yes
39	business	Orthodox/Rotovane	JJ	NN	No
39	business	teas	NNS	IN	No
39	business	,	,	,	Yes
39	business	following	VBG	DT	No
39	business	quality	NN	NN	Yes
39	business	.	.	.	Yes
40	business	All	DT	DT	Yes
40	business	categories	NNS	JJ	No
40	business	met	VBD	NN	No
40	business	with	IN	IN	Yes
40	business	fair	JJ	DT	No
40	business	demand	NN	NN	Yes
40	business	.	.	.	Yes
41	politics	The	DT	DT	Yes
41	politics	White	NNP	NNP	Yes
41	politics	House	NNP	NNP	Yes
41	politics	rejected	VBD	VBD	Yes
41	politics	the	DT	DT	Yes
41	politics	findings	NNS	NNS	Yes
41	politics	.	.	.	Yes
42	politics	The	DT	DT	Yes
42	politics	UN	NNP	NNP	Yes
42	politics	findings	NNS	NNS	Yes
42	politics	have	VBP	VBP	Yes
42	politics	raised	VBN	VBN	Yes
42	politics	the	DT	DT	Yes
42	politics	stakes	NNS	JJ	No
42	politics	further	RB	NN	No
42	politics	.	.	.	Yes
43	politics	Both	DT	DT	Yes
43	politics	Khanna	NNP	NNP	Yes
43	politics	and	CC	CC	Yes
43	politics	Omar	NNP	NNP	Yes
43	politics	urged	VBD	VBD	Yes
43	politics	the	DT	DT	Yes
43	politics	State	NNP	NN	No
43	politics	Department	NNP	NN	No
43	politics	not	RB	RB	Yes
43	politics	to	TO	TO	Yes
43	politics	recognize	VB	VB	Yes
43	politics	a	DT	DT	Yes
43	politics	winner	NN	NN	Yes
43	politics	until	IN	IN	Yes
43	politics	investigations	NNS	NNS	Yes
43	politics	are	VBP	VBP	Yes
43	politics	conducted	VBN	VBN	Yes
43	politics	into	IN	IN	Yes
43	politics	allegations	NNS	NNS	Yes
43	politics	of	IN	IN	Yes
43	politics	misconduct	NN	NN	Yes
43	politics	.	.	.	Yes
44	politics	Beyond	IN	IN	Yes
44	politics	liquefied	JJ	JJ	Yes
44	politics	natural	JJ	JJ	Yes
44	politics	gas	NN	NN	Yes
44	politics	,	,	,	Yes
44	politics	both	DT	DT	Yes
44	politics	countries	NNS	NNS	Yes
44	politics	are	VBP	VBP	Yes
44	politics	looking	VBG	VBG	Yes
44	politics	to	TO	TO	Yes
44	politics	expand	VB	VB	Yes
44	politics	cooperation	NN	NN	Yes
44	politics	in	IN	IN	Yes
44	politics	nuclear	JJ	JJ	Yes
44	politics	energy	NN	NN	Yes
44	politics	,	,	,	Yes
44	politics	where	WRB	WRB	Yes
44	politics	India	NNP	PRP	No
44	politics	is	VBZ	VBZ	Yes
44	politics	looking	VBG	-NONE-	No
44	politics	to	TO	TO	Yes
44	politics	significantly	RB	VB	No
44	politics	boost	VB	DT	No
44	politics	capacity	NN	NN	Yes
44	politics	.	.	.	Yes
45	politics	A	DT	DT	Yes
45	politics	Palestinian	JJ	JJ	Yes
45	politics	official	NN	NN	Yes
45	politics	,	,	,	Yes
45	politics	who	WP	WP	Yes
45	politics	spoke	VBD	-NONE-	No
45	politics	on	IN	IN	Yes
45	politics	condition	NN	NN	Yes
45	politics	of	IN	IN	Yes
45	politics	anonymity	NN	NN	Yes
45	politics	,	,	,	Yes
45	politics	confirmed	VBD	NNP	No
45	politics	Abbas	NNP	NNP	Yes
45	politics	'	POS	POS	Yes
45	politics	visa	NN	NN	Yes
45	politics	had	VBD	VBD	Yes
45	politics	been	VBN	VBN	Yes
45	politics	denied	VBN	-NONE-	No
45	politics	.	.	.	Yes
46	politics	He	PRP	PRP	Yes
46	politics	added	VBD	VBD	Yes
46	politics	that	IN	IN	Yes
46	politics	other	JJ	JJ	Yes
46	politics	media	NNS	NN	No
46	politics	outlets	NNS	NNS	Yes
46	politics	could	MD	MD	Yes
46	politics	also	RB	RB	Yes
46	politics	face	VB	VB	Yes
46	politics	similar	JJ	JJ	Yes
46	politics	action	NN	NN	Yes
46	politics	.	.	.	Yes
47	politics	Southeast	NNP	NNP	Yes
47	politics	Asia	NNP	NNP	Yes
47	politics	's	POS	POS	Yes
47	politics	engagement	NN	NN	Yes
47	politics	was	VBD	VBD	Yes
47	politics	another	DT	DT	Yes
47	politics	theme	NN	NN	Yes
47	politics	.	.	.	Yes
48	politics	China	NNP	NNP	Yes
48	politics	rejected	VBD	VBD	Yes
48	politics	the	DT	DT	Yes
48	politics	account	NN	NN	Yes
48	politics	,	,	,	Yes
48	politics	placing	VBG	DT	No
48	politics	responsibility	NN	NN	Yes
48	politics	for	IN	IN	Yes
48	politics	the	DT	DT	Yes
48	politics	collision	NN	NN	Yes
48	politics	with	IN	IN	Yes
48	politics	the	DT	DT	Yes
48	politics	Philippine	JJ	JJ	Yes
48	politics	side	NN	NN	Yes
48	politics	.	.	.	Yes
49	politics	A	DT	DT	Yes
49	politics	United	NNP	NNP	Yes
49	politics	Nations-backed	JJ	NNP	No
49	politics	tribunal	NN	NNP	No
49	politics	in	IN	IN	Yes
49	politics	July	NNP	NNP	Yes
49	politics	said	VBD	VBD	Yes
49	politics	China	NNP	NNP	Yes
49	politics	's	POS	POS	Yes
49	politics	sovereignty	NN	NN	Yes
49	politics	claims	NNS	NNS	Yes
49	politics	have	VBP	VBP	Yes
49	politics	no	DT	DT	Yes
49	politics	legal	JJ	JJ	Yes
49	politics	basis	NN	NN	Yes
49	politics	.	.	.	Yes
50	politics	Trump	NNP	``	No
50	politics	also	RB	RB	Yes
50	politics	said	VBD	VBD	Yes
50	politics	the	DT	DT	Yes
50	politics	US	NNP	NN	No
50	politics	would	MD	MD	Yes
50	politics	immediately	RB	RB	Yes
50	politics	begin	VB	VB	Yes
50	politics	developing	VBG	IN	No
50	politics	a	DT	DT	Yes
50	politics	larger	JJR	JJ	No
50	politics	military	JJ	JJ	Yes
50	politics	presence	NN	NN	Yes
50	politics	at	IN	IN	Yes
50	politics	suitable	JJ	JJ	Yes
50	politics	locations	NNS	NNS	Yes
50	politics	in	IN	IN	Yes
50	politics	Greenland	NNP	NNP	Yes
50	politics	.	.	.	Yes
51	politics	He	PRP	PRP	Yes
51	politics	said	VBD	VBD	Yes
51	politics	the	DT	DT	Yes
51	politics	US	NNP	NN	No
51	politics	would	MD	MD	Yes
51	politics	work	VB	VB	Yes
51	politics	with	IN	IN	Yes
51	politics	the	DT	DT	Yes
51	politics	people	NNS	NNS	Yes
51	politics	of	IN	IN	Yes
51	politics	Greenland	NNP	NNP	Yes
51	politics	on	IN	IN	Yes
51	politics	the	DT	DT	Yes
51	politics	development	NN	NN	Yes
51	politics	and	CC	CC	Yes
51	politics	construction	NN	NN	Yes
51	politics	of	IN	IN	Yes
51	politics	the	DT	DT	Yes
51	politics	military	JJ	JJ	Yes
51	politics	presence	NN	NN	Yes
51	politics	.	.	.	Yes
52	politics	The	DT	DT	Yes
52	politics	affected	JJ	JJ	Yes
52	politics	companies	NNS	NNS	Yes
52	politics	have	VBP	VBP	Yes
52	politics	been	VBN	VBN	Yes
52	politics	informed	VBN	VBN	Yes
52	politics	about	IN	IN	Yes
52	politics	the	DT	DT	Yes
52	politics	breach	NN	NN	Yes
52	politics	.	.	.	Yes
53	politics	As	IN	IN	Yes
53	politics	public	JJ	JJ	Yes
53	politics	debate	NN	NN	Yes
53	politics	continues	VBZ	-NONE-	No
53	politics	to	TO	TO	Yes
53	politics	grow	VB	NN	No
53	politics	over	IN	IN	Yes
53	politics	the	DT	DT	Yes
53	politics	safety	NN	NN	Yes
53	politics	of	IN	IN	Yes
53	politics	developing	VBG	VBG	Yes
53	politics	the	DT	DT	Yes
53	politics	tech	NN	JJ	No
53	politics	,	,	,	Yes
53	politics	so	RB	RB	Yes
53	politics	too	RB	RB	Yes
53	politics	does	VBZ	VBZ	Yes
53	politics	conversation	NN	NN	Yes
53	politics	around	IN	IN	Yes
53	politics	regulation	NN	NN	Yes
53	politics	.	.	.	Yes
54	politics	The	DT	DT	Yes
54	politics	private	JJ	JJ	Yes
54	politics	sector	NN	NN	Yes
54	politics	creates	VBZ	IN	No
54	politics	nine	CD	CD	Yes
54	politics	out	IN	NNS	No
54	politics	of	IN	IN	Yes
54	politics	10	CD	CD	Yes
54	politics	jobs	NNS	NNS	Yes
54	politics	in	IN	IN	Yes
54	politics	these	DT	DT	Yes
54	politics	economies	NNS	NNS	Yes
54	politics	.	.	.	Yes
55	politics	However	RB	RB	Yes
55	politics	,	,	,	Yes
55	politics	President	NNP	NNP	Yes
55	politics	Dissanayake	NNP	NNP	Yes
55	politics	said	VBD	VBD	Yes
55	politics	the	DT	DT	Yes
55	politics	government	NN	NN	Yes
55	politics	would	MD	MD	Yes
55	politics	consider	VB	VB	Yes
55	politics	providing	VBG	IN	No
55	politics	a	DT	DT	Yes
55	politics	subsidy	NN	NN	Yes
55	politics	to	TO	TO	Yes
55	politics	ease	VB	VB	Yes
55	politics	the	DT	DT	Yes
55	politics	burden	NN	NN	Yes
55	politics	on	IN	IN	Yes
55	politics	the	DT	DT	Yes
55	politics	public	NN	NN	Yes
55	politics	.	.	.	Yes
56	politics	The	DT	DT	Yes
56	politics	programme	NN	NN	Yes
56	politics	proposes	VBZ	VBZ	Yes
56	politics	a	DT	DT	Yes
56	politics	new	JJ	NNP	No
56	politics	Constitution	NNP	NNP	Yes
56	politics	and	CC	CC	Yes
56	politics	a	DT	DT	Yes
56	politics	new	JJ	JJ	Yes
56	politics	electoral	JJ	JJ	Yes
56	politics	system	NN	NN	Yes
56	politics	under	IN	IN	Yes
56	politics	which	WDT	$	No
56	politics	125	CD	CD	Yes
56	politics	Members	NNS	NNS	Yes
56	politics	of	IN	IN	Yes
56	politics	Parliament	NNP	PRP	No
56	politics	would	MD	MD	Yes
56	politics	be	VB	VB	Yes
56	politics	elected	VBN	VBN	Yes
56	politics	from	IN	IN	Yes
56	politics	electorates	NNS	NNS	Yes
56	politics	.	.	.	Yes
57	politics	He	PRP	PRP	Yes
57	politics	said	VBD	VBD	Yes
57	politics	the	DT	DT	Yes
57	politics	responsibilities	NNS	NN	No
57	politics	under	IN	IN	Yes
57	politics	the	DT	DT	Yes
57	politics	proposed	VBN	JJ	No
57	politics	programme	NN	NN	Yes
57	politics	would	MD	MD	Yes
57	politics	ultimately	RB	RB	Yes
57	politics	be	VB	VB	Yes
57	politics	handed	VBN	VBN	Yes
57	politics	over	RP	-NONE-	No
57	politics	to	IN	TO	No
57	politics	the	DT	DT	Yes
57	politics	younger	JJR	JJ	No
57	politics	generation	NN	NN	Yes
57	politics	.	.	.	Yes
58	politics	Local	JJ	JJ	Yes
58	politics	government	NN	NN	Yes
58	politics	institutions	NNS	NNS	Yes
58	politics	will	MD	MD	Yes
58	politics	identify	VB	VB	Yes
58	politics	dangerous	JJ	JJ	Yes
58	politics	locations	NNS	NNS	Yes
58	politics	within	IN	IN	Yes
58	politics	their	PRP$	PRP$	Yes
58	politics	respective	JJ	JJ	Yes
58	politics	areas	NNS	NNS	Yes
58	politics	and	CC	CC	Yes
58	politics	carry	VB	VB	Yes
58	politics	out	RP	IN	No
58	politics	the	DT	DT	Yes
58	politics	required	VBN	JJ	No
58	politics	safety	NN	NN	Yes
58	politics	improvements	NNS	NNS	Yes
58	politics	under	IN	IN	Yes
58	politics	the	DT	DT	Yes
58	politics	programme	NN	NN	Yes
58	politics	.	.	.	Yes
59	politics	Memorandums	NNS	NNS	Yes
59	politics	of	IN	IN	Yes
59	politics	Understanding	NN	NN	Yes
59	politics	were	VBD	VBD	Yes
59	politics	signed	VBN	VBN	Yes
59	politics	with	IN	IN	Yes
59	politics	relevant	JJ	JJ	Yes
59	politics	local	JJ	JJ	Yes
59	politics	government	NN	NN	Yes
59	politics	institutions	NNS	NNS	Yes
59	politics	on	IN	IN	Yes
59	politics	September	NNP	NNP	Yes
59	politics	18	CD	CD	Yes
59	politics	to	TO	TO	Yes
59	politics	begin	VB	VB	Yes
59	politics	implementing	VBG	VBG	Yes
59	politics	the	DT	DT	Yes
59	politics	initiative	NN	NN	Yes
59	politics	.	.	.	Yes
60	politics	He	PRP	PRP	Yes
60	politics	said	VBD	VBD	Yes
60	politics	road	NN	-NONE-	No
60	politics	accidents	NNS	PRP	No
60	politics	caused	VBD	VBD	Yes
60	politics	not	RB	RB	Yes
60	politics	only	RB	JJ	No
60	politics	loss	NN	NN	Yes
60	politics	of	IN	IN	Yes
60	politics	life	NN	NN	Yes
60	politics	but	CC	CC	Yes
60	politics	also	RB	RB	Yes
60	politics	significant	JJ	JJ	Yes
60	politics	economic	JJ	JJ	Yes
60	politics	and	CC	CC	Yes
60	politics	social	JJ	JJ	Yes
60	politics	costs	NNS	NNS	Yes
60	politics	,	,	,	Yes
60	politics	making	VBG	VBG	Yes
60	politics	road	NN	NN	Yes
60	politics	safety	NN	IN	No
60	politics	a	DT	DT	Yes
60	politics	national	JJ	JJ	Yes
60	politics	priority	NN	NN	Yes
60	politics	.	.	.	Yes
61	politics	The	DT	DT	Yes
61	politics	situation	NN	NN	Yes
61	politics	is	VBZ	VBZ	Yes
61	politics	particularly	RB	RB	Yes
61	politics	concerning	JJ	VBG	No
61	politics	for	IN	IN	Yes
61	politics	paediatric	JJ	NNP	No
61	politics	cancer	NN	NNP	No
61	politics	patients	NNS	NNP	No
61	politics	,	,	,	Yes
61	politics	whose	WP$	DT	No
61	politics	treatment	NN	NN	Yes
61	politics	can	MD	MD	Yes
61	politics	not	RB	RB	Yes
61	politics	afford	VB	VB	Yes
61	politics	prolonged	JJ	VBN	No
61	politics	delays	NNS	-NONE-	No
61	politics	,	,	,	Yes
61	politics	according	VBG	VBG	Yes
61	politics	to	TO	TO	Yes
61	politics	medical	JJ	JJ	Yes
61	politics	sources	NNS	NNS	Yes
61	politics	.	.	.	Yes
62	politics	The	DT	DT	Yes
62	politics	public	NN	NN	Yes
62	politics	has	VBZ	VBZ	Yes
62	politics	been	VBN	VBN	Yes
62	politics	advised	VBN	-NONE-	No
62	politics	to	TO	TO	Yes
62	politics	take	VB	VB	Yes
62	politics	necessary	JJ	JJ	Yes
62	politics	precautions	NNS	NNS	Yes
62	politics	to	TO	TO	Yes
62	politics	minimise	VB	VB	Yes
62	politics	risks	NNS	NNS	Yes
62	politics	from	IN	IN	Yes
62	politics	temporary	JJ	DT	No
62	politics	strong	JJ	JJ	Yes
62	politics	winds	NNS	NNS	Yes
62	politics	and	CC	CC	Yes
62	politics	lightning	NN	NN	Yes
62	politics	that	WDT	IN	No
62	politics	may	MD	NNP	No
62	politics	accompany	VB	POS	No
62	politics	thundershowers	NNS	NNS	Yes
62	politics	.	.	.	Yes
63	politics	He	PRP	PRP	Yes
63	politics	said	VBD	VBD	Yes
63	politics	the	DT	DT	Yes
63	politics	investigation	NN	NN	Yes
63	politics	dates	VBZ	VBZ	Yes
63	politics	back	RB	RB	Yes
63	politics	to	IN	TO	No
63	politics	2012	CD	CD	Yes
63	politics	.	.	.	Yes
64	politics	Deputy	NNP	NNP	Yes
64	politics	Solicitor	NNP	NNP	Yes
64	politics	General	NNP	NNP	Yes
64	politics	Janaka	NNP	NNP	Yes
64	politics	Bandara	NNP	NNP	Yes
64	politics	objected	VBD	VBD	Yes
64	politics	to	IN	TO	No
64	politics	the	DT	DT	Yes
64	politics	bail	NN	JJ	No
64	politics	application	NN	NN	Yes
64	politics	.	.	.	Yes
65	politics	The	DT	DT	Yes
65	politics	Sri	NNP	NNP	Yes
65	politics	Lankan	NNP	NNP	Yes
65	politics	delegation	NN	NN	Yes
65	politics	stressed	VBD	IN	No
65	politics	the	DT	DT	Yes
65	politics	need	NN	NN	Yes
65	politics	to	TO	TO	Yes
65	politics	introduce	VB	VB	Yes
65	politics	these	DT	DT	Yes
65	politics	methods	NNS	NN	No
65	politics	through	IN	IN	Yes
65	politics	practical	JJ	JJ	Yes
65	politics	measures	NNS	NNS	Yes
65	politics	suited	VBN	VBD	No
65	politics	to	IN	TO	No
65	politics	local	JJ	JJ	Yes
65	politics	conditions	NNS	NNS	Yes
65	politics	.	.	.	Yes
66	politics	The	DT	DT	Yes
66	politics	assembly	NN	NN	Yes
66	politics	focused	VBD	NN	No
66	politics	on	IN	IN	Yes
66	politics	solutions	NNS	-NONE-	No
66	politics	to	IN	TO	No
66	politics	extreme	JJ	NN	No
66	politics	heat	NN	NN	Yes
66	politics	and	CC	CC	Yes
66	politics	promoting	VBG	RB	No
66	politics	environmentally	RB	RB	Yes
66	politics	friendly	JJ	JJ	Yes
66	politics	cooling	NN	NN	Yes
66	politics	systems	NNS	NNS	Yes
66	politics	.	.	.	Yes
67	politics	The	DT	DT	Yes
67	politics	project	NN	NN	Yes
67	politics	was	VBD	VBD	Yes
67	politics	implemented	VBN	-NONE-	No
67	politics	under	IN	IN	Yes
67	politics	the	DT	DT	Yes
67	politics	Government	NNP	NN	No
67	politics	's	POS	POS	Yes
67	politics	national	JJ	JJ	Yes
67	politics	programme	NN	NN	Yes
67	politics	to	TO	TO	Yes
67	politics	generate	VB	VB	Yes
67	politics	electricity	NN	NN	Yes
67	politics	through	IN	IN	Yes
67	politics	sustainable	JJ	JJ	Yes
67	politics	energy	NN	NN	Yes
67	politics	sources	NNS	NNS	Yes
67	politics	.	.	.	Yes
68	politics	Several	JJ	JJ	Yes
68	politics	community	NN	NN	Yes
68	politics	welfare	NN	.	No
68	politics	initiatives	NNS	''	No
68	politics	were	VBD	VBD	Yes
68	politics	also	RB	RB	Yes
68	politics	implemented	VBN	VBN	Yes
68	politics	as	IN	IN	Yes
68	politics	part	NN	NN	Yes
68	politics	of	IN	IN	Yes
68	politics	the	DT	DT	Yes
68	politics	project	NN	NN	Yes
68	politics	.	.	.	Yes
69	politics	The	DT	DT	Yes
69	politics	lawyer	NN	NN	Yes
69	politics	has	VBZ	VBZ	Yes
69	politics	informed	VBN	VBN	Yes
69	politics	the	DT	DT	Yes
69	politics	Embassy	NNP	NN	No
69	politics	that	IN	IN	Yes
69	politics	the	DT	DT	Yes
69	politics	judgment	NN	NN	Yes
69	politics	may	MD	MD	Yes
69	politics	be	VB	VB	Yes
69	politics	appealed	VBN	VBN	Yes
69	politics	before	IN	IN	Yes
69	politics	the	DT	DT	Yes
69	politics	Supreme	NNP	JJ	No
69	politics	Court	NNP	NN	No
69	politics	of	IN	IN	Yes
69	politics	Saudi	NNP	NNP	Yes
69	politics	Arabia	NNP	NNP	Yes
69	politics	within	IN	IN	Yes
69	politics	one	CD	CD	Yes
69	politics	month	NN	NN	Yes
69	politics	.	.	.	Yes
70	politics	The	DT	DT	Yes
70	politics	Government	NNP	NN	No
70	politics	will	MD	MD	Yes
70	politics	continue	VB	VB	Yes
70	politics	to	TO	TO	Yes
70	politics	monitor	VB	VB	Yes
70	politics	developments	NNS	VBN	No
70	politics	while	IN	-NONE-	No
70	politics	respecting	VBG	VBG	Yes
70	politics	the	DT	DT	Yes
70	politics	judicial	JJ	JJ	Yes
70	politics	processes	NNS	NNS	Yes
70	politics	and	CC	CC	Yes
70	politics	laws	NNS	NNS	Yes
70	politics	of	IN	IN	Yes
70	politics	Saudi	NNP	NNP	Yes
70	politics	Arabia	NNP	NNP	Yes
70	politics	,	,	,	Yes
70	politics	the	DT	DT	Yes
70	politics	Ministry	NNP	NNP	Yes
70	politics	said	VBD	VBD	Yes
70	politics	.	.	.	Yes
71	politics	The	DT	DT	Yes
71	politics	proposed	VBN	NN	No
71	politics	framework	NN	.	No
71	politics	calls	VBZ	''	No
71	politics	for	IN	IN	Yes
71	politics	a	DT	DT	Yes
71	politics	National	NNP	JJ	No
71	politics	Building	NNP	NN	No
71	politics	Fire	NNP	NN	No
71	politics	Safety	NNP	NN	No
71	politics	Act	NNP	NN	No
71	politics	and	CC	CC	Yes
71	politics	an	DT	DT	Yes
71	politics	independent	JJ	JJ	Yes
71	politics	National	NNP	JJ	No
71	politics	Fire	NNP	NN	No
71	politics	Safety	NNP	NN	No
71	politics	Authority	NNP	NN	No
71	politics	.	.	.	Yes
72	politics	The	DT	DT	Yes
72	politics	second	JJ	JJ	Yes
72	politics	area	NN	NN	Yes
72	politics	is	VBZ	VBZ	Yes
72	politics	energy	NN	DT	No
72	politics	transition	NN	NN	Yes
72	politics	and	CC	CC	Yes
72	politics	power	NN	NN	Yes
72	politics	sector	NN	NN	Yes
72	politics	reform	NN	NN	Yes
72	politics	.	.	.	Yes
73	politics	The	DT	DT	Yes
73	politics	report	NN	NN	Yes
73	politics	finds	VBZ	NN	No
73	politics	that	IN	IN	Yes
73	politics	the	DT	DT	Yes
73	politics	main	JJ	JJ	Yes
73	politics	challenge	NN	NN	Yes
73	politics	is	VBZ	VBZ	Yes
73	politics	now	RB	RB	Yes
73	politics	implementation	NN	VBZ	No
73	politics	rather	RB	RB	Yes
73	politics	than	IN	IN	Yes
73	politics	absence	NN	NN	Yes
73	politics	of	IN	IN	Yes
73	politics	policy	NN	NN	Yes
73	politics	.	.	.	Yes
74	politics	Transport	NN	NNP	No
74	politics	is	VBZ	VBZ	Yes
74	politics	the	DT	DT	Yes
74	politics	third	JJ	JJ	Yes
74	politics	priority	NN	NN	Yes
74	politics	.	.	.	Yes
75	politics	The	DT	DT	Yes
75	politics	Committee	NNP	NN	No
75	politics	will	MD	MD	Yes
75	politics	particularly	RB	RB	Yes
75	politics	examine	VB	IN	No
75	politics	the	DT	DT	Yes
75	politics	role	NN	NN	Yes
75	politics	played	VBN	NN	No
75	politics	by	IN	IN	Yes
75	politics	local	JJ	JJ	Yes
75	politics	authorities	NNS	NNS	Yes
75	politics	in	IN	IN	Yes
75	politics	official	JJ	NN	No
75	politics	communication	NN	,	No
75	politics	and	CC	CC	Yes
75	politics	coordination	NN	NN	Yes
75	politics	during	IN	IN	Yes
75	politics	the	DT	DT	Yes
75	politics	disaster	NN	JJ	No
75	politics	situation	NN	NN	Yes
75	politics	.	.	.	Yes
76	politics	He	PRP	PRP	Yes
76	politics	said	VBD	VBD	Yes
76	politics	Sri	NNP	NNP	Yes
76	politics	Lanka	NNP	NNP	Yes
76	politics	had	VBD	VBD	Yes
76	politics	moved	VBN	VBN	Yes
76	politics	away	RB	-NONE-	No
76	politics	from	IN	IN	Yes
76	politics	a	DT	DT	Yes
76	politics	system	NN	NN	Yes
76	politics	where	WRB	IN	No
76	politics	the	DT	DT	Yes
76	politics	application	NN	NN	Yes
76	politics	of	IN	IN	Yes
76	politics	the	DT	DT	Yes
76	politics	law	NN	NN	Yes
76	politics	was	VBD	VBD	Yes
76	politics	influenced	VBN	-NONE-	No
76	politics	by	IN	IN	Yes
76	politics	political	JJ	JJ	Yes
76	politics	status	NN	NN	Yes
76	politics	,	,	,	Yes
76	politics	party	NN	NN	Yes
76	politics	affiliations	NNS	NNS	Yes
76	politics	or	CC	CC	Yes
76	politics	personal	JJ	JJ	Yes
76	politics	connections	NNS	NN	No
76	politics	.	.	.	Yes
77	politics	Referring	VBG	-NONE-	No
77	politics	to	IN	TO	No
77	politics	Article	NNP	VB	No
77	politics	of	IN	IN	Yes
77	politics	the	DT	DT	Yes
77	politics	Constitution	NNP	NNP	Yes
77	politics	,	,	,	Yes
77	politics	Watagala	NNP	NNP	Yes
77	politics	said	VBD	VBD	Yes
77	politics	every	DT	DT	Yes
77	politics	person	NN	NN	Yes
77	politics	was	VBD	VBD	Yes
77	politics	entitled	VBN	-NONE-	No
77	politics	to	IN	TO	No
77	politics	equal	JJ	JJ	Yes
77	politics	protection	NN	NN	Yes
77	politics	of	IN	IN	Yes
77	politics	the	DT	DT	Yes
77	politics	law	NN	NN	Yes
77	politics	.	.	.	Yes
78	politics	He	PRP	PRP	Yes
78	politics	was	VBD	VBD	Yes
78	politics	subsequently	RB	RB	Yes
78	politics	produced	VBN	VBN	Yes
78	politics	before	IN	IN	Yes
78	politics	court	NN	NN	Yes
78	politics	and	CC	CC	Yes
78	politics	remanded	VBN	JJ	No
78	politics	.	.	.	Yes
79	politics	Oil	NN	NN	Yes
79	politics	prices	NNS	NNS	Yes
79	politics	fell	VBD	VBD	Yes
79	politics	2	CD	CD	Yes
79	politics	%	NN	NN	Yes
79	politics	on	IN	IN	Yes
79	politics	Friday	NNP	NNP	Yes
79	politics	,	,	,	Yes
79	politics	extending	VBG	JJ	No
79	politics	losses	NNS	NNS	Yes
79	politics	for	IN	IN	Yes
79	politics	a	DT	DT	Yes
79	politics	third	JJ	JJ	Yes
79	politics	straight	JJ	JJ	Yes
79	politics	session	NN	NN	Yes
79	politics	.	.	.	Yes
80	politics	He	PRP	PRP	Yes
80	politics	said	VBD	VBD	Yes
80	politics	most	JJS	JJ	No
80	politics	traders	NNS	NNS	Yes
80	politics	were	VBD	VBD	Yes
80	politics	currently	RB	RB	Yes
80	politics	selling	VBG	VBG	Yes
80	politics	vehicles	NNS	NNS	Yes
80	politics	at	IN	IN	Yes
80	politics	a	DT	DT	Yes
80	politics	loss	NN	NN	Yes
80	politics	,	,	,	Yes
80	politics	while	IN	IN	Yes
80	politics	market	NN	NN	Yes
80	politics	prices	NNS	NNS	Yes
80	politics	were	VBD	VBD	Yes
80	politics	expected	VBN	VBN	Yes
80	politics	to	TO	TO	Yes
80	politics	decline	VB	VB	Yes
80	politics	further	RB	JJ	No
80	politics	.	.	.	Yes
81	sport	NEXT	NNP	JJ	No
81	sport	XV	NNP	NN	No
81	sport	will	MD	MD	Yes
81	sport	serve	VB	VB	Yes
81	sport	as	IN	IN	Yes
81	sport	the	DT	DT	Yes
81	sport	official	JJ	JJ	Yes
81	sport	national	JJ	JJ	Yes
81	sport	selection	NN	NN	Yes
81	sport	tournament	NN	NN	Yes
81	sport	for	IN	IN	Yes
81	sport	Sri	NNP	NNP	Yes
81	sport	Lanka	NNP	NNP	Yes
81	sport	Rugby	NNP	NNP	Yes
81	sport	.	.	.	Yes
82	sport	The	DT	DT	Yes
82	sport	tournament	NN	NN	Yes
82	sport	features	VBZ	IN	No
82	sport	eight	CD	CD	Yes
82	sport	women	NNS	NNS	Yes
82	sport	's	POS	POS	Yes
82	sport	cricket	NN	NN	Yes
82	sport	teams	NNS	NNS	Yes
82	sport	in	IN	IN	Yes
82	sport	Asia	NNP	NNP	Yes
82	sport	.	.	.	Yes
83	sport	Sri	NNP	NNP	Yes
83	sport	Lanka	NNP	NNP	Yes
83	sport	's	POS	POS	Yes
83	sport	next	JJ	JJ	Yes
83	sport	match	NN	NN	Yes
83	sport	will	MD	MD	Yes
83	sport	be	VB	VB	Yes
83	sport	against	IN	IN	Yes
83	sport	Pakistan	NNP	NN	No
83	sport	on	IN	IN	Yes
83	sport	Sunday	NNP	NNP	Yes
83	sport	.	.	.	Yes
84	sport	The	DT	DT	Yes
84	sport	Super	NNP	NNP	Yes
84	sport	Six	NNP	CD	No
84	sport	Round	NNP	NN	No
84	sport	is	VBZ	VBZ	Yes
84	sport	expected	VBN	VBN	Yes
84	sport	to	TO	TO	Yes
84	sport	provide	VB	VB	Yes
84	sport	an	DT	DT	Yes
84	sport	exciting	JJ	JJ	Yes
84	sport	conclusion	NN	NN	Yes
84	sport	to	IN	TO	No
84	sport	the	DT	DT	Yes
84	sport	2025	CD	CD	Yes
84	sport	FFSL	NNP	NNP	Yes
84	sport	Super	NNP	NNP	Yes
84	sport	League	NNP	NNP	Yes
84	sport	season	NN	NNP	No
84	sport	.	.	.	Yes
85	sport	Charith	NNP	NNP	Yes
85	sport	Asalanka	NNP	NNP	Yes
85	sport	also	RB	RB	Yes
85	sport	made	VBD	VBD	Yes
85	sport	a	DT	DT	Yes
85	sport	start	NN	NN	Yes
85	sport	but	CC	CC	Yes
85	sport	failed	VBD	VBD	Yes
85	sport	to	TO	TO	Yes
85	sport	convert	VB	VB	Yes
85	sport	it	PRP	PRP	Yes
85	sport	into	IN	IN	Yes
85	sport	a	DT	DT	Yes
85	sport	substantial	JJ	JJ	Yes
85	sport	score	NN	NN	Yes
85	sport	.	.	.	Yes
86	sport	The	DT	DT	Yes
86	sport	Brazil	NNP	NNP	Yes
86	sport	international	NN	NNP	No
86	sport	has	VBZ	VBZ	Yes
86	sport	started	VBN	VBN	Yes
86	sport	the	DT	DT	Yes
86	sport	season	NN	NN	Yes
86	sport	in	IN	IN	Yes
86	sport	sensational	JJ	DT	No
86	sport	form	NN	NN	Yes
86	sport	,	,	,	Yes
86	sport	playing	VBG	VBG	Yes
86	sport	out	IN	RP	No
86	sport	of	IN	IN	Yes
86	sport	position	NN	NN	Yes
86	sport	as	IN	IN	Yes
86	sport	a	DT	DT	Yes
86	sport	central	JJ	JJ	Yes
86	sport	striker	NN	NN	Yes
86	sport	.	.	.	Yes
87	sport	A	DT	DT	Yes
87	sport	total	NN	NN	Yes
87	sport	of	IN	IN	Yes
87	sport	57	CD	DT	No
87	sport	school	NN	NN	Yes
87	sport	teams	NNS	NNS	Yes
87	sport	from	IN	IN	Yes
87	sport	across	IN	IN	Yes
87	sport	the	DT	DT	Yes
87	sport	island	NN	JJ	No
87	sport	participated	VBD	NN	No
87	sport	in	IN	IN	Yes
87	sport	the	DT	DT	Yes
87	sport	tournament	NN	NN	Yes
87	sport	.	.	.	Yes
88	sport	Teams	NNS	NNS	Yes
88	sport	from	IN	IN	Yes
88	sport	16	CD	CD	Yes
88	sport	countries	NNS	NNS	Yes
88	sport	across	IN	IN	Yes
88	sport	the	DT	DT	Yes
88	sport	Asian	JJ	JJ	Yes
88	sport	region	NN	NN	Yes
88	sport	will	MD	MD	Yes
88	sport	contest	VB	VB	Yes
88	sport	the	DT	DT	Yes
88	sport	event	NN	NN	Yes
88	sport	.	.	.	Yes
89	sport	She	PRP	PRP	Yes
89	sport	also	RB	RB	Yes
89	sport	represented	VBD	IN	No
89	sport	Sri	NNP	NNP	Yes
89	sport	Lanka	NNP	NNP	Yes
89	sport	at	IN	IN	Yes
89	sport	the	DT	DT	Yes
89	sport	FIBA	NNP	NNP	Yes
89	sport	Under-18	NNP	NNP	Yes
89	sport	3x3	NNP	CD	No
89	sport	World	NNP	NN	No
89	sport	Basketball	NNP	NN	No
89	sport	Championship	NNP	NN	No
89	sport	held	VBN	VBD	No
89	sport	in	IN	IN	Yes
89	sport	Hungary	NNP	NNP	Yes
89	sport	in	IN	IN	Yes
89	sport	2025	CD	CD	Yes
89	sport	.	.	.	Yes
90	sport	The	DT	DT	Yes
90	sport	tournament	NN	NN	Yes
90	sport	was	VBD	VBD	Yes
90	sport	held	VBN	VBN	Yes
90	sport	at	IN	IN	Yes
90	sport	Browns	NNP	NNP	Yes
90	sport	Beach	NNP	NNP	Yes
90	sport	in	IN	IN	Yes
90	sport	Negombo	NNP	NN	No
90	sport	with	IN	IN	Yes
90	sport	18	CD	CD	Yes
90	sport	school	NN	NN	Yes
90	sport	teams	NNS	IN	No
90	sport	taking	VBG	DT	No
90	sport	part	NN	NN	Yes
90	sport	.	.	.	Yes
91	sport	The	DT	DT	Yes
91	sport	championship	NN	NN	Yes
91	sport	provided	VBD	IN	No
91	sport	young	JJ	JJ	Yes
91	sport	schoolgirls	NNS	NNS	Yes
91	sport	from	IN	IN	Yes
91	sport	different	JJ	JJ	Yes
91	sport	parts	NNS	NNS	Yes
91	sport	of	IN	IN	Yes
91	sport	the	DT	DT	Yes
91	sport	country	NN	NN	Yes
91	sport	with	IN	IN	Yes
91	sport	an	DT	DT	Yes
91	sport	opportunity	NN	NN	Yes
91	sport	to	TO	TO	Yes
91	sport	compete	VB	VB	Yes
91	sport	at	IN	IN	Yes
91	sport	national	JJ	JJ	Yes
91	sport	level	NN	NN	Yes
91	sport	in	IN	IN	Yes
91	sport	beach	NN	DT	No
91	sport	volleyball	NN	NN	Yes
91	sport	.	.	.	Yes
92	sport	Fazil	NNP	NNP	Yes
92	sport	Marija	NNP	NNP	Yes
92	sport	will	MD	MD	Yes
92	sport	head	VB	VB	Yes
92	sport	the	DT	DT	Yes
92	sport	coaching	NN	NN	Yes
92	sport	unit	NN	NN	Yes
92	sport	and	CC	CC	Yes
92	sport	the	DT	DT	Yes
92	sport	kick-off	NN	NN	Yes
92	sport	is	VBZ	VBZ	Yes
92	sport	on	IN	IN	Yes
92	sport	Saturday	NNP	NNP	Yes
92	sport	.	.	.	Yes
93	sport	He	PRP	PRP	Yes
93	sport	built	VBD	VBD	Yes
93	sport	his	PRP$	PRP$	Yes
93	sport	career	NN	NN	Yes
93	sport	on	IN	IN	Yes
93	sport	two	CD	CD	Yes
93	sport	and	CC	CC	Yes
93	sport	four	CD	CD	Yes
93	sport	wheels	NNS	NNS	Yes
93	sport	and	CC	CC	Yes
93	sport	won	VBD	JJ	No
93	sport	championships	NNS	NNS	Yes
93	sport	in	IN	IN	Yes
93	sport	both	DT	DT	Yes
93	sport	motorcycle	NN	NN	Yes
93	sport	and	CC	CC	Yes
93	sport	car	NN	NN	Yes
93	sport	racing	NN	NNS	No
93	sport	.	.	.	Yes
94	sport	Peiris	NNP	NNP	Yes
94	sport	is	VBZ	VBZ	Yes
94	sport	the	DT	DT	Yes
94	sport	only	JJ	JJ	Yes
94	sport	Sri	NNP	NNP	Yes
94	sport	Lankan	NNP	NNP	Yes
94	sport	driver	NN	VBD	No
94	sport	to	TO	TO	Yes
94	sport	date	VB	VB	Yes
94	sport	to	TO	TO	Yes
94	sport	have	VB	VB	Yes
94	sport	become	VBN	VBN	Yes
94	sport	a	DT	DT	Yes
94	sport	champion	NN	NN	Yes
94	sport	in	IN	IN	Yes
94	sport	both	DT	DT	Yes
94	sport	disciplines	NNS	NNS	Yes
94	sport	.	.	.	Yes
95	sport	He	PRP	PRP	Yes
95	sport	returned	VBD	VBD	Yes
95	sport	to	IN	TO	No
95	sport	Sri	NNP	NNP	Yes
95	sport	Lanka	NNP	NNP	Yes
95	sport	yesterday	NN	NN	Yes
95	sport	following	VBG	IN	No
95	sport	his	PRP$	PRP$	Yes
95	sport	historic	JJ	JJ	Yes
95	sport	victories	NNS	NNS	Yes
95	sport	at	IN	IN	Yes
95	sport	the	DT	DT	Yes
95	sport	Diamond	NNP	NNP	Yes
95	sport	League	NNP	NNP	Yes
95	sport	Finals	NNP	NNP	Yes
95	sport	.	.	.	Yes
96	sport	The	DT	DT	Yes
96	sport	tournament	NN	NN	Yes
96	sport	will	MD	MD	Yes
96	sport	continue	VB	VB	Yes
96	sport	today	NN	NN	Yes
96	sport	.	.	.	Yes
97	sport	The	DT	DT	Yes
97	sport	other	JJ	JJ	Yes
97	sport	teams	NNS	NNS	Yes
97	sport	will	MD	MD	Yes
97	sport	play	VB	VB	Yes
97	sport	in	IN	IN	Yes
97	sport	the	DT	DT	Yes
97	sport	Bowl	NNP	NN	No
97	sport	and	CC	CC	Yes
97	sport	Shield	NNP	NNP	Yes
97	sport	segments	NNS	NNS	Yes
97	sport	.	.	.	Yes
98	sport	Qasim	NNP	NNP	Yes
98	sport	said	VBD	VBD	Yes
98	sport	that	IN	IN	Yes
98	sport	OWSC	NNP	NNP	Yes
98	sport	is	VBZ	VBZ	Yes
98	sport	much	RB	RB	Yes
98	sport	more	JJR	JJR	Yes
98	sport	than	IN	IN	Yes
98	sport	a	DT	DT	Yes
98	sport	club	NN	NN	Yes
98	sport	to	IN	TO	No
98	sport	its	PRP$	PRP$	Yes
98	sport	members	NNS	NNS	Yes
98	sport	.	.	.	Yes
99	sport	He	PRP	PRP	Yes
99	sport	called	VBD	VBD	Yes
99	sport	upon	IN	IN	Yes
99	sport	past	JJ	JJ	Yes
99	sport	presidents	NNS	NNS	Yes
99	sport	,	,	,	Yes
99	sport	office	NN	NN	Yes
99	sport	bearers	NNS	NNS	Yes
99	sport	and	CC	CC	Yes
99	sport	members	NNS	NNS	Yes
99	sport	to	TO	TO	Yes
99	sport	contribute	VB	VB	Yes
99	sport	their	PRP$	PRP$	Yes
99	sport	experience	NN	NN	Yes
99	sport	and	CC	CC	Yes
99	sport	support	NN	NN	Yes
99	sport	to	IN	TO	No
99	sport	the	DT	DT	Yes
99	sport	new	JJ	JJ	Yes
99	sport	administration	NN	NN	Yes
99	sport	.	.	.	Yes
100	sport	The	DT	DT	Yes
100	sport	tournament	NN	NN	Yes
100	sport	is	VBZ	VBZ	Yes
100	sport	expected	VBN	VBN	Yes
100	sport	to	TO	TO	Yes
100	sport	showcase	VB	VB	Yes
100	sport	some	DT	DT	Yes
100	sport	of	IN	IN	Yes
100	sport	the	DT	DT	Yes
100	sport	finest	JJS	NNP	No
100	sport	young	JJ	NNP	No
100	sport	rugby	NN	NNP	No
100	sport	talent	NN	NN	Yes
100	sport	in	IN	IN	Yes
100	sport	Asia	NNP	NNP	Yes
100	sport	.	.	.	Yes
101	sport	It	PRP	PRP	Yes
101	sport	was	VBD	VBD	Yes
101	sport	New	NNP	JJ	No
101	sport	Zealand	NNP	NNS	No
101	sport	who	WP	WP	Yes
101	sport	started	VBD	-NONE-	No
101	sport	fastest	RBS	VBG	No
101	sport	in	IN	IN	Yes
101	sport	Maryland	NNP	NN	No
101	sport	on	IN	IN	Yes
101	sport	Saturday	NNP	NNP	Yes
101	sport	.	.	.	Yes
102	sport	Pannala	NNP	NNP	Yes
102	sport	National	NNP	NNP	Yes
102	sport	School	NNP	NNP	Yes
102	sport	secured	VBD	POS	No
102	sport	third	JJ	JJ	Yes
102	sport	place	NN	NN	Yes
102	sport	in	IN	IN	Yes
102	sport	the	DT	DT	Yes
102	sport	Under-17	JJ	NNP	No
102	sport	boys	NNS	NNP	No
102	sport	'	POS	POS	Yes
102	sport	competition	NN	NN	Yes
102	sport	.	.	.	Yes
103	sport	Rybakina	NNP	NNP	Yes
103	sport	and	CC	CC	Yes
103	sport	Sabalenka	NNP	NNP	Yes
103	sport	have	VBP	VBP	Yes
103	sport	developed	VBN	VBN	Yes
103	sport	a	DT	DT	Yes
103	sport	strong	JJ	JJ	Yes
103	sport	rivalry	NN	NN	Yes
103	sport	built	VBN	VBD	No
103	sport	not	RB	RB	Yes
103	sport	only	RB	RB	Yes
103	sport	on	IN	IN	Yes
103	sport	their	PRP$	PRP$	Yes
103	sport	outstanding	JJ	JJ	Yes
103	sport	talent	NN	NN	Yes
103	sport	but	CC	CC	Yes
103	sport	their	PRP$	PRP$	Yes
103	sport	contrasting	JJ	JJ	Yes
103	sport	personalities	NNS	NNS	Yes
103	sport	.	.	.	Yes
104	sport	However	RB	RB	Yes
104	sport	,	,	,	Yes
104	sport	she	PRP	PRP	Yes
104	sport	has	VBZ	VBZ	Yes
104	sport	found	VBN	VBN	Yes
104	sport	her	PRP$	PRP$	Yes
104	sport	form	NN	NN	Yes
104	sport	again	RB	RB	Yes
104	sport	,	,	,	Yes
104	sport	dropping	VBG	VBG	Yes
104	sport	just	RB	RB	Yes
104	sport	one	CD	CD	Yes
104	sport	set	NN	VBD	No
104	sport	en	FW	VBN	No
104	sport	route	FW	-NONE-	No
104	sport	to	IN	TO	No
104	sport	the	DT	DT	Yes
104	sport	final	NN	JJ	No
104	sport	.	.	.	Yes
105	sport	The	DT	DT	Yes
105	sport	group-stage	NN	NN	Yes
105	sport	matches	NNS	NNS	Yes
105	sport	will	MD	MD	Yes
105	sport	continue	VB	VB	Yes
105	sport	throughout	IN	IN	Yes
105	sport	the	DT	DT	Yes
105	sport	morning	NN	NN	Yes
105	sport	,	,	,	Yes
105	sport	with	IN	IN	Yes
105	sport	each	DT	DT	Yes
105	sport	team	NN	NN	Yes
105	sport	playing	VBG	IN	No
105	sport	three	CD	CD	Yes
105	sport	games	NNS	-NONE-	No
105	sport	to	TO	TO	Yes
105	sport	determine	VB	VB	Yes
105	sport	the	DT	DT	Yes
105	sport	final	JJ	JJ	Yes
105	sport	group	NN	NN	Yes
105	sport	standings	NNS	NNS	Yes
105	sport	.	.	.	Yes
106	sport	The	DT	DT	Yes
106	sport	top	JJ	JJ	Yes
106	sport	four	CD	CD	Yes
106	sport	seeds	NNS	NNS	Yes
106	sport	in	IN	IN	Yes
106	sport	the	DT	DT	Yes
106	sport	women	NNS	NNS	Yes
106	sport	's	POS	POS	Yes
106	sport	singles	NNS	NNS	Yes
106	sport	draw	NN	MD	No
106	sport	have	VBP	VB	No
106	sport	reached	VBN	VBN	Yes
106	sport	the	DT	DT	Yes
106	sport	semi-finals	NNS	NNS	Yes
106	sport	at	IN	IN	Yes
106	sport	the	DT	DT	Yes
106	sport	New	NNP	NNP	Yes
106	sport	York	NNP	NNP	Yes
106	sport	major	NN	NNP	No
106	sport	.	.	.	Yes
107	sport	The	DT	DT	Yes
107	sport	decision	NN	NN	Yes
107	sport	means	VBZ	IN	No
107	sport	the	DT	DT	Yes
107	sport	27-year-old	JJ	JJ	Yes
107	sport	American	NNP	JJ	No
107	sport	will	MD	NNS	No
107	sport	miss	VB	VBP	No
107	sport	this	DT	DT	Yes
107	sport	week	NN	NN	Yes
107	sport	's	POS	POS	Yes
107	sport	World	NNP	NN	No
107	sport	Athletics	NNP	NNS	No
107	sport	Ultimate	NNP	JJ	No
107	sport	Championship	NNP	NN	No
107	sport	in	IN	IN	Yes
107	sport	Hungary	NNP	NNP	Yes
107	sport	.	.	.	Yes
108	sport	The	DT	DT	Yes
108	sport	two	CD	CD	Yes
108	sport	semifinals	NNS	NNS	Yes
108	sport	are	VBP	VBP	Yes
108	sport	scheduled	VBN	VBN	Yes
108	sport	to	TO	TO	Yes
108	sport	be	VB	VB	Yes
108	sport	played	VBN	VBN	Yes
108	sport	on	IN	IN	Yes
108	sport	September	NNP	NNP	Yes
108	sport	13	CD	CD	Yes
108	sport	under	IN	IN	Yes
108	sport	floodlights	NNS	NNS	Yes
108	sport	at	IN	IN	Yes
108	sport	the	DT	DT	Yes
108	sport	R.	NNP	NNP	Yes
108	sport	Premadasa	NNP	NNP	Yes
108	sport	Stadium	NNP	NN	No
108	sport	.	.	.	Yes
109	sport	This	DT	DT	Yes
109	sport	was	VBD	VBD	Yes
109	sport	the	DT	DT	Yes
109	sport	biggest	JJS	NN	No
109	sport	-	:	,	No
109	sport	and	CC	CC	Yes
109	sport	certainly	RB	RB	Yes
109	sport	most	RBS	VBN	No
109	sport	significant	JJ	-NONE-	No
109	sport	-	:	TO	No
109	sport	win	NN	VB	No
109	sport	of	IN	IN	Yes
109	sport	Shelton	NNP	NNP	Yes
109	sport	's	POS	POS	Yes
109	sport	career	NN	NN	Yes
109	sport	.	.	.	Yes
110	sport	According	VBG	VBG	Yes
110	sport	to	TO	TO	Yes
110	sport	the	DT	DT	Yes
110	sport	organisers	NNS	NNS	Yes
110	sport	more	JJR	JJR	Yes
110	sport	than	IN	IN	Yes
110	sport	2000	CD	DT	No
110	sport	budding	JJ	JJ	Yes
110	sport	girls	NNS	NNS	Yes
110	sport	from	IN	IN	Yes
110	sport	50	CD	CD	Yes
110	sport	schools	NNS	NNS	Yes
110	sport	contested	VBD	VBD	Yes
110	sport	the	DT	DT	Yes
110	sport	event	NN	NN	Yes
110	sport	.	.	.	Yes
111	sport	New	NNP	NNP	Yes
111	sport	Youngs	NNP	NNP	Yes
111	sport	adopted	VBD	VBD	Yes
111	sport	a	DT	DT	Yes
111	sport	more	RBR	RBR	Yes
111	sport	defensive	JJ	JJ	Yes
111	sport	approach	NN	NN	Yes
111	sport	in	IN	IN	Yes
111	sport	the	DT	DT	Yes
111	sport	second	JJ	JJ	Yes
111	sport	half	NN	NN	Yes
111	sport	,	,	,	Yes
111	sport	and	CC	CC	Yes
111	sport	neither	DT	DT	Yes
111	sport	team	NN	NN	Yes
111	sport	managed	VBD	-NONE-	No
111	sport	to	TO	TO	Yes
111	sport	score	VB	VB	Yes
111	sport	.	.	.	Yes
112	sport	According	VBG	VBG	Yes
112	sport	to	TO	TO	Yes
112	sport	the	DT	DT	Yes
112	sport	organisers	NNS	NNS	Yes
112	sport	,	,	,	Yes
112	sport	the	DT	DT	Yes
112	sport	event	NN	NN	Yes
112	sport	attracted	VBD	NN	No
112	sport	over	IN	IN	Yes
112	sport	one	CD	CD	Yes
112	sport	thousand	CD	CD	Yes
112	sport	kids	NNS	NNS	Yes
112	sport	from	IN	IN	Yes
112	sport	215	CD	CD	Yes
112	sport	schools	NNS	NNS	Yes
112	sport	.	.	.	Yes
113	sport	Ratnam	NNP	NNP	Yes
113	sport	remain	VBP	,	No
113	sport	the	DT	DT	Yes
113	sport	only	JJ	JJ	Yes
113	sport	team	NN	NN	Yes
113	sport	in	IN	IN	Yes
113	sport	the	DT	DT	Yes
113	sport	10-team	JJ	CD	No
113	sport	competition	NN	NN	Yes
113	sport	yet	RB	-NONE-	No
113	sport	to	TO	TO	Yes
113	sport	record	VB	VB	Yes
113	sport	a	DT	DT	Yes
113	sport	victory	NN	NN	Yes
113	sport	after	IN	IN	Yes
113	sport	eight	CD	CD	Yes
113	sport	matches	NNS	NNS	Yes
113	sport	.	.	.	Yes
114	sport	Defending	VBG	NNP	No
114	sport	champions	NNS	NNP	No
114	sport	Sri	NNP	NNP	Yes
114	sport	Lanka	NNP	NNP	Yes
114	sport	in	IN	IN	Yes
114	sport	Group	NNP	NNP	Yes
114	sport	B	NNP	NNP	Yes
114	sport	will	MD	MD	Yes
114	sport	now	RB	RB	Yes
114	sport	meet	VB	VB	Yes
114	sport	the	DT	DT	Yes
114	sport	second	JJ	JJ	Yes
114	sport	placed	VBN	NN	No
114	sport	team	NN	NN	Yes
114	sport	in	IN	IN	Yes
114	sport	Group	NNP	NNP	Yes
114	sport	A	NNP	NNP	Yes
114	sport	.	.	.	Yes
115	sport	The	DT	DT	Yes
115	sport	thinking	NN	NN	Yes
115	sport	behind	IN	IN	Yes
115	sport	the	DT	DT	Yes
115	sport	trial	NN	NN	Yes
115	sport	is	VBZ	VBZ	Yes
115	sport	that	IN	IN	Yes
115	sport	the	DT	DT	Yes
115	sport	smaller	JJR	JJ	No
115	sport	ball	NN	NN	Yes
115	sport	will	MD	MD	Yes
115	sport	suit	VB	VB	Yes
115	sport	women	NNS	NNS	Yes
115	sport	's	POS	POS	Yes
115	sport	physiology	NN	NN	Yes
115	sport	and	CC	CC	Yes
115	sport	improve	VB	VB	Yes
115	sport	their	PRP$	PRP$	Yes
115	sport	skillset	NN	JJ	No
115	sport	.	.	.	Yes
116	sport	Only	RB	RB	Yes
116	sport	one	CD	CD	Yes
116	sport	driver	NN	NN	Yes
116	sport	has	VBZ	VBZ	Yes
116	sport	come	VBN	VBN	Yes
116	sport	back	RB	-NONE-	No
116	sport	to	TO	TO	Yes
116	sport	win	VB	VB	Yes
116	sport	from	IN	IN	Yes
116	sport	further	RB	JJ	No
116	sport	down	IN	IN	Yes
116	sport	the	DT	DT	Yes
116	sport	grid	NN	NN	Yes
116	sport	.	.	.	Yes
117	sport	A	DT	DT	Yes
117	sport	wrist	NN	NN	Yes
117	sport	injury	NN	.	No
117	sport	caused	VBD	''	No
117	sport	Alcaraz	NNP	NNP	Yes
117	sport	to	TO	TO	Yes
117	sport	miss	VB	VBP	No
117	sport	both	DT	IN	No
117	sport	the	DT	DT	Yes
117	sport	French	NNP	JJ	No
117	sport	Open	NNP	NNS	No
117	sport	and	CC	CC	Yes
117	sport	Wimbledon	NNP	NNP	Yes
117	sport	earlier	RBR	,	No
117	sport	this	DT	DT	Yes
117	sport	summer	NN	NN	Yes
117	sport	.	.	.	Yes
118	sport	New	NNP	NNP	Yes
118	sport	Zealand	NNP	NNP	Yes
118	sport	's	POS	POS	Yes
118	sport	smarts	NNS	NNS	Yes
118	sport	initially	RB	VBP	No
118	sport	defused	VBD	VBN	No
118	sport	the	DT	DT	Yes
118	sport	fire	NN	NN	Yes
118	sport	and	CC	CC	Yes
118	sport	fury	NN	NN	Yes
118	sport	inside	IN	IN	Yes
118	sport	the	DT	DT	Yes
118	sport	cauldron	NN	NNP	No
118	sport	.	.	.	Yes
119	sport	The	DT	DT	Yes
119	sport	FFSL	NNP	NNP	Yes
119	sport	Super	NNP	NNP	Yes
119	sport	League	NNP	NNP	Yes
119	sport	first	JJ	NNP	No
119	sport	stage	NN	,	No
119	sport	features	VBZ	$	No
119	sport	10	CD	CD	Yes
119	sport	teams	NNS	NNS	Yes
119	sport	and	CC	CC	Yes
119	sport	consists	VBZ	NN	No
119	sport	of	IN	IN	Yes
119	sport	nine	CD	CD	Yes
119	sport	rounds	NNS	NNS	Yes
119	sport	and	CC	CC	Yes
119	sport	45	CD	CD	Yes
119	sport	matches	NNS	NNS	Yes
119	sport	.	.	.	Yes
120	sport	The	DT	DT	Yes
120	sport	remaining	VBG	JJ	No
120	sport	district	NN	NN	Yes
120	sport	competitions	NNS	NNS	Yes
120	sport	will	MD	MD	Yes
120	sport	begin	VB	VB	Yes
120	sport	after	IN	IN	Yes
120	sport	the	DT	DT	Yes
120	sport	Colombo	NNP	NN	No
120	sport	and	CC	CC	Yes
120	sport	Kalutara	NNP	NNP	Yes
120	sport	matches	NNS	NNP	No
120	sport	.	.	.	Yes
121	local	Rainy	JJ	NNP	No
121	local	conditions	NNS	NNS	Yes
121	local	in	IN	IN	Yes
121	local	the	DT	DT	Yes
121	local	southwestern	JJ	NNP	No
121	local	parts	NNS	NNS	Yes
121	local	of	IN	IN	Yes
121	local	the	DT	DT	Yes
121	local	country	NN	NN	Yes
121	local	are	VBP	VBP	Yes
121	local	likely	JJ	-NONE-	No
121	local	to	TO	TO	Yes
121	local	continue	VB	VB	Yes
121	local	due	JJ	JJ	Yes
121	local	to	TO	TO	Yes
121	local	the	DT	DT	Yes
121	local	wind	NN	JJ	No
121	local	flow	NN	NN	Yes
121	local	towards	IN	NNS	No
121	local	the	DT	DT	Yes
121	local	system	NN	NN	Yes
121	local	.	.	.	Yes
122	local	Although	IN	IN	Yes
122	local	rainfall	NN	NN	Yes
122	local	has	VBZ	VBZ	Yes
122	local	eased	VBN	VBN	Yes
122	local	compared	VBN	-NONE-	No
122	local	to	TO	TO	Yes
122	local	previous	JJ	JJ	Yes
122	local	days	NNS	NNS	Yes
122	local	,	,	,	Yes
122	local	rain	NN	''	No
122	local	continues	VBZ	VBZ	Yes
122	local	in	IN	IN	Yes
122	local	several	JJ	JJ	Yes
122	local	areas	NNS	NNS	Yes
122	local	.	.	.	Yes
123	local	The	DT	DT	Yes
123	local	Kuda	NNP	NNP	Yes
123	local	Ganga	NNP	NNP	Yes
123	local	,	,	,	Yes
123	local	a	DT	DT	Yes
123	local	tributary	NN	NN	Yes
123	local	of	IN	IN	Yes
123	local	the	DT	DT	Yes
123	local	Kalu	NNP	NNP	Yes
123	local	Ganga	NNP	NNP	Yes
123	local	,	,	,	Yes
123	local	has	VBZ	VBZ	Yes
123	local	also	RB	RB	Yes
123	local	risen	VBN	VBN	Yes
123	local	at	IN	IN	Yes
123	local	Millakanda	NNP	NNP	Yes
123	local	and	CC	CC	Yes
123	local	is	VBZ	VBZ	Yes
123	local	nearing	VBG	VBG	Yes
123	local	minor	JJ	DT	No
123	local	flood	NN	NN	Yes
123	local	levels	NNS	NNS	Yes
123	local	.	.	.	Yes
124	local	Kahawatte	NNP	NNP	Yes
124	local	said	VBD	VBD	Yes
124	local	no	DT	DT	Yes
124	local	decision	NN	NN	Yes
124	local	had	VBD	VBD	Yes
124	local	been	VBN	VBN	Yes
124	local	taken	VBN	-NONE-	No
124	local	to	TO	TO	Yes
124	local	suspend	VB	VB	Yes
124	local	fishing	NN	JJ	No
124	local	activities	NNS	NNS	Yes
124	local	across	IN	IN	Yes
124	local	the	DT	DT	Yes
124	local	country	NN	NN	Yes
124	local	.	.	.	Yes
125	local	After	IN	IN	Yes
125	local	being	VBG	DT	No
125	local	struck	VBN	NN	No
125	local	by	IN	IN	Yes
125	local	lightning	NN	NN	Yes
125	local	,	,	,	Yes
125	local	he	PRP	PRP	Yes
125	local	was	VBD	VBD	Yes
125	local	rushed	VBN	-NONE-	No
125	local	to	IN	TO	No
125	local	Agalawatta	NNP	NNP	Yes
125	local	Pimbura	NNP	NNP	Yes
125	local	Base	NNP	NN	No
125	local	Hospital	NNP	.	No
125	local	where	WRB	''	No
125	local	he	PRP	PRP	Yes
125	local	was	VBD	VBD	Yes
125	local	pronounced	VBN	VBN	Yes
125	local	dead	JJ	-NONE-	No
125	local	.	.	.	Yes
126	local	It	PRP	PRP	Yes
126	local	also	RB	RB	Yes
126	local	warned	VBD	VBN	No
126	local	that	IN	IN	Yes
126	local	the	DT	DT	Yes
126	local	typhoon	NN	NN	Yes
126	local	could	MD	MD	Yes
126	local	cause	VB	VB	Yes
126	local	severe	JJ	JJ	Yes
126	local	flooding	NN	NN	Yes
126	local	in	IN	IN	Yes
126	local	low-lying	JJ	JJ	Yes
126	local	areas	NNS	NNS	Yes
126	local	.	.	.	Yes
127	local	The	DT	DT	Yes
127	local	Minister	NNP	NN	No
127	local	said	VBD	VBD	Yes
127	local	the	DT	DT	Yes
127	local	government	NN	NN	Yes
127	local	will	MD	MD	Yes
127	local	also	RB	RB	Yes
127	local	conduct	VB	VB	Yes
127	local	its	PRP$	PRP$	Yes
127	local	monthly	JJ	JJ	Yes
127	local	fuel	NN	NN	Yes
127	local	price	NN	NN	Yes
127	local	review	NN	NN	Yes
127	local	at	IN	IN	Yes
127	local	the	DT	DT	Yes
127	local	end	NN	NN	Yes
127	local	of	IN	IN	Yes
127	local	September	NNP	NNP	Yes
127	local	.	.	.	Yes
128	local	The	DT	DT	Yes
128	local	waterways	NNS	NNS	Yes
128	local	protect	VBP	IN	No
128	local	the	DT	DT	Yes
128	local	city	NN	NN	Yes
128	local	from	IN	IN	Yes
128	local	flooding	NN	NN	Yes
128	local	,	,	,	Yes
128	local	but	CC	CC	Yes
128	local	people	NNS	NNS	Yes
128	local	carelessly	RB	RB	Yes
128	local	dump	VBP	NNP	No
128	local	garbage	NN	NNP	No
128	local	.	.	.	Yes
129	local	The	DT	DT	Yes
129	local	Colombo	NNP	NNP	Yes
129	local	Municipal	NNP	NNP	Yes
129	local	Council	NNP	NNP	Yes
129	local	(	(	NNP	No
129	local	CMC	NNP	NNP	Yes
129	local	)	)	,	No
129	local	too	RB	RB	Yes
129	local	has	VBZ	VBZ	Yes
129	local	extended	VBN	VBN	Yes
129	local	its	PRP$	PRP$	Yes
129	local	fullest	JJS	NN	No
129	local	support	NN	NN	Yes
129	local	to	TO	TO	Yes
129	local	take	VB	VB	Yes
129	local	this	DT	DT	Yes
129	local	initiative	NN	JJ	No
129	local	forward	RB	NN	No
129	local	.	.	.	Yes
130	local	Reports	NNS	NNS	Yes
130	local	indicate	VBP	IN	No
130	local	that	IN	DT	No
130	local	several	JJ	JJ	Yes
130	local	extremist	JJ	NN	No
130	local	groups	NNS	NNS	Yes
130	local	are	VBP	VBP	Yes
130	local	active	JJ	JJ	Yes
130	local	in	IN	IN	Yes
130	local	the	DT	DT	Yes
130	local	region	NN	NN	Yes
130	local	.	.	.	Yes
131	local	This	DT	DT	Yes
131	local	time	NN	NN	Yes
131	local	,	,	,	Yes
131	local	the	DT	DT	Yes
131	local	entire	JJ	JJ	Yes
131	local	country	NN	NN	Yes
131	local	was	VBD	VBD	Yes
131	local	affected	VBN	VBN	Yes
131	local	,	,	,	Yes
131	local	more	RBR	JJR	No
131	local	or	CC	CC	Yes
131	local	less	RBR	JJR	No
131	local	.	.	.	Yes
132	local	The	DT	DT	Yes
132	local	country	NN	NN	Yes
132	local	faces	VBZ	IN	No
132	local	a	DT	DT	Yes
132	local	growing	VBG	JJ	No
132	local	climate	NN	NN	Yes
132	local	vulnerability	NN	NN	Yes
132	local	that	WDT	IN	No
132	local	warrants	VBZ	DT	No
132	local	urgent	JJ	NN	No
132	local	and	CC	CC	Yes
132	local	pragmatic	JJ	JJ	Yes
132	local	policy	NN	NN	Yes
132	local	attention	NN	NN	Yes
132	local	.	.	.	Yes
133	local	It	PRP	PRP	Yes
133	local	is	VBZ	VBZ	Yes
133	local	the	DT	DT	Yes
133	local	largest	JJS	JJS	Yes
133	local	reservoir	NN	NN	Yes
133	local	constructed	VBN	VBD	No
133	local	during	IN	IN	Yes
133	local	the	DT	DT	Yes
133	local	past	JJ	JJ	Yes
133	local	30	CD	CD	Yes
133	local	years	NNS	NNS	Yes
133	local	.	.	.	Yes
134	local	It	PRP	PRP	Yes
134	local	will	MD	MD	Yes
134	local	be	VB	VB	Yes
134	local	the	DT	DT	Yes
134	local	longest	JJS	JJ	No
134	local	canal	NN	JJ	No
134	local	in	IN	IN	Yes
134	local	Sri	NNP	NNP	Yes
134	local	Lanka	NNP	NNP	Yes
134	local	.	.	.	Yes
135	local	More	JJR	JJR	Yes
135	local	than	IN	IN	Yes
135	local	500	CD	CD	Yes
135	local	Cathay	NNP	NN	No
135	local	Pacific	NNP	IN	No
135	local	flights	NNS	NNS	Yes
135	local	are	VBP	VBP	Yes
135	local	expected	VBN	VBN	Yes
135	local	to	TO	TO	Yes
135	local	be	VB	VB	Yes
135	local	cancelled	VBN	VBN	Yes
135	local	.	.	.	Yes
136	local	Scientists	NNS	NNS	Yes
136	local	have	VBP	VBP	Yes
136	local	warned	VBN	VBN	Yes
136	local	that	IN	IN	Yes
136	local	climate	NN	DT	No
136	local	change	NN	NN	Yes
136	local	is	VBZ	VBZ	Yes
136	local	making	VBG	VBG	Yes
136	local	tropical	JJ	JJ	Yes
136	local	storms	NNS	NNS	Yes
136	local	more	RBR	JJR	No
136	local	intense	JJ	NNS	No
136	local	.	.	.	Yes
137	local	Fishermen	NNS	NNP	No
137	local	were	VBD	VBD	Yes
137	local	asked	VBN	-NONE-	No
137	local	to	TO	TO	Yes
137	local	keep	VB	VB	Yes
137	local	away	RB	RB	Yes
137	local	from	IN	IN	Yes
137	local	the	DT	DT	Yes
137	local	sea	NN	NN	Yes
137	local	in	IN	IN	Yes
137	local	the	DT	DT	Yes
137	local	coming	VBG	JJ	No
137	local	days	NNS	NNS	Yes
137	local	.	.	.	Yes
138	local	The	DT	DT	Yes
138	local	Nuwara	NNP	NNP	Yes
138	local	Eliya	NNP	NNP	Yes
138	local	District	NNP	NNP	Yes
138	local	Forest	NNP	NNP	Yes
138	local	Range	NNP	NN	No
138	local	Officer	NNP	NN	No
138	local	said	VBD	VBD	Yes
138	local	that	IN	IN	Yes
138	local	he	PRP	PRP	Yes
138	local	was	VBD	VBD	Yes
138	local	unaware	JJ	-NONE-	No
138	local	of	IN	IN	Yes
138	local	this	DT	DT	Yes
138	local	incident	NN	NN	Yes
138	local	.	.	.	Yes
139	local	The	DT	DT	Yes
139	local	road	NN	NN	Yes
139	local	from	IN	IN	Yes
139	local	Diyagala	NNP	NNP	Yes
139	local	to	IN	TO	No
139	local	Nallathanniya	NNP	NNP	Yes
139	local	should	MD	MD	Yes
139	local	surely	RB	RB	Yes
139	local	be	VB	VB	Yes
139	local	widened	VBN	JJ	No
139	local	.	.	.	Yes
140	local	They	PRP	PRP	Yes
140	local	said	VBD	VBD	Yes
140	local	the	DT	DT	Yes
140	local	decision	NN	NN	Yes
140	local	was	VBD	VBD	Yes
140	local	taken	VBN	VBN	Yes
140	local	following	VBG	VBG	Yes
140	local	yesterday	NN	NN	Yes
140	local	's	POS	POS	Yes
140	local	accident	NN	NN	Yes
140	local	which	WDT	IN	No
140	local	claimed	VBD	$	No
140	local	seven	CD	CD	Yes
140	local	lives	NNS	NNS	Yes
140	local	.	.	.	Yes
141	local	The	DT	DT	Yes
141	local	remaining	VBG	NN	No
141	local	nine	CD	.	No
141	local	accused	NNS	''	No
141	local	were	VBD	VBD	Yes
141	local	acquitted	VBN	VBN	Yes
141	local	and	CC	CC	Yes
141	local	released	VBN	NN	No
141	local	.	.	.	Yes
142	local	The	DT	DT	Yes
142	local	sentences	NNS	NNS	Yes
142	local	of	IN	IN	Yes
142	local	the	DT	DT	Yes
142	local	convicted	VBN	JJ	No
142	local	accused	NNS	NNS	Yes
142	local	are	VBP	VBP	Yes
142	local	scheduled	VBN	VBN	Yes
142	local	to	TO	TO	Yes
142	local	be	VB	VB	Yes
142	local	pronounced	VBN	VBN	Yes
142	local	shortly	RB	-NONE-	No
142	local	.	.	.	Yes
143	local	Several	JJ	JJ	Yes
143	local	spells	NNS	NNS	Yes
143	local	of	IN	IN	Yes
143	local	showers	NNS	NNS	Yes
143	local	may	MD	MD	Yes
143	local	also	RB	RB	Yes
143	local	occur	VB	VB	Yes
143	local	in	IN	IN	Yes
143	local	the	DT	DT	Yes
143	local	North	NNP	NNP	Yes
143	local	Central	NNP	NNP	Yes
143	local	Province	NNP	,	No
143	local	and	CC	CC	Yes
143	local	Mannar	NNP	NN	No
143	local	District	NNP	NN	No
143	local	.	.	.	Yes
144	local	The	DT	DT	Yes
144	local	existing	VBG	NN	No
144	local	fuel	NN	IN	No
144	local	terminal	NN	JJ	No
144	local	at	IN	IN	Yes
144	local	Muthurajawela	NNP	NNP	Yes
144	local	will	MD	NNP	No
144	local	undergo	VB	NNP	No
144	local	necessary	JJ	JJ	Yes
144	local	modifications	NNS	NNS	Yes
144	local	as	IN	IN	Yes
144	local	part	NN	NN	Yes
144	local	of	IN	IN	Yes
144	local	the	DT	DT	Yes
144	local	project	NN	NN	Yes
144	local	.	.	.	Yes
145	local	The	DT	DT	Yes
145	local	two	CD	CD	Yes
145	local	lawyers	NNS	NNS	Yes
145	local	had	VBD	VBD	Yes
145	local	also	RB	RB	Yes
145	local	agreed	VBN	VBD	No
145	local	to	TO	TO	Yes
145	local	travel	VB	VB	Yes
145	local	to	IN	TO	No
145	local	Saudi	NNP	NNP	Yes
145	local	Arabia	NNP	NNP	Yes
145	local	at	IN	IN	Yes
145	local	their	PRP$	PRP$	Yes
145	local	own	JJ	JJ	Yes
145	local	expense	NN	NN	Yes
145	local	to	TO	TO	Yes
145	local	assist	VB	VB	Yes
145	local	with	IN	IN	Yes
145	local	the	DT	DT	Yes
145	local	case	NN	NN	Yes
145	local	.	.	.	Yes
146	local	He	PRP	PRP	Yes
146	local	urged	VBD	VBD	Yes
146	local	senior	JJ	JJ	Yes
146	local	monks	NNS	NNS	Yes
146	local	to	TO	TO	Yes
146	local	intervene	VB	NN	No
146	local	and	CC	CC	Yes
146	local	request	VB	NN	No
146	local	President	NNP	NN	No
146	local	Dissanayake	NNP	NN	No
146	local	to	TO	TO	Yes
146	local	grant	VB	VB	Yes
146	local	him	PRP	IN	No
146	local	a	DT	DT	Yes
146	local	fresh	JJ	NNP	No
146	local	pardon	NN	NNP	No
146	local	.	.	.	Yes
147	local	People	NNS	NNS	Yes
147	local	's	POS	POS	Yes
147	local	democratic	JJ	JJ	Yes
147	local	rights	NNS	NNS	Yes
147	local	too	RB	RB	Yes
147	local	were	VBD	VBD	Yes
147	local	exercised	VBN	VBN	Yes
147	local	within	IN	IN	Yes
147	local	these	DT	DT	Yes
147	local	boundaries	NNS	NNS	Yes
147	local	.	.	.	Yes
148	local	Modern	JJ	JJ	Yes
148	local	democracies	NNS	NNS	Yes
148	local	are	VBP	VBP	Yes
148	local	evolving	VBG	VBG	Yes
148	local	and	CC	CC	Yes
148	local	human	JJ	JJ	Yes
148	local	mobility	NN	NN	Yes
148	local	is	VBZ	VBZ	Yes
148	local	reshaping	VBG	VBG	Yes
148	local	societies	NNS	NNS	Yes
148	local	,	,	,	Yes
148	local	economies	NNS	NNS	Yes
148	local	and	CC	CC	Yes
148	local	political	JJ	JJ	Yes
148	local	systems	NNS	NNS	Yes
148	local	across	IN	IN	Yes
148	local	the	DT	DT	Yes
148	local	globe	NN	NN	Yes
148	local	.	.	.	Yes
149	local	Iran	NNP	NNP	Yes
149	local	did	VBD	VBD	Yes
149	local	not	RB	RB	Yes
149	local	return	VB	VB	Yes
149	local	the	DT	DT	Yes
149	local	aircraft	NN	NN	Yes
149	local	.	.	.	Yes
150	local	The	DT	DT	Yes
150	local	Houthis	NNPS	NNP	No
150	local	backed	VBD	,	No
150	local	the	DT	DT	Yes
150	local	public	JJ	JJ	Yes
150	local	uprising	NN	NN	Yes
150	local	.	.	.	Yes
